{
	"format_version": "1.21.6",
	"credit": "Made with Blockbench",
	"texture_size": [32, 32],
	"textures": {
		"2": "item/knight_sheath",
		"particle": "item/knight_sheath"
	},
	"elements": [
		{
			"from": [6, 18, 8],
			"to": [10, 20, 9],
			"rotation": {"angle": 0, "axis": "y", "origin": [7, 18, 7]},
			"faces": {
				"north": {"uv": [6.5, 6, 8.5, 7], "texture": "#2"},
				"east": {"uv": [4, 8, 4.5, 9], "texture": "#2"},
				"south": {"uv": [7, 0, 9, 1], "texture": "#2"},
				"west": {"uv": [4.5, 8, 5, 9], "texture": "#2"},
				"up": {"uv": [9, 5.5, 7, 5], "texture": "#2"},
				"down": {"uv": [9, 5.5, 7, 6], "texture": "#2"}
			}
		},
		{
			"from": [6, 18, 6],
			"to": [10, 20, 7],
			"rotation": {"angle": 0, "axis": "y", "origin": [7, 18, 5]},
			"faces": {
				"north": {"uv": [7, 1, 9, 2], "texture": "#2"},
				"east": {"uv": [9, 2, 9.5, 3], "texture": "#2"},
				"south": {"uv": [7, 2, 9, 3], "texture": "#2"},
				"west": {"uv": [4, 9, 4.5, 10], "texture": "#2"},
				"up": {"uv": [8, 7.5, 6, 7], "texture": "#2"},
				"down": {"uv": [8, 7.5, 6, 8], "texture": "#2"}
			}
		},
		{
			"from": [7, 6, 6],
			"to": [9, 18, 7],
			"rotation": {"angle": 0, "axis": "y", "origin": [7, 16, 5]},
			"faces": {
				"north": {"uv": [0, 0, 1, 6], "texture": "#2"},
				"east": {"uv": [2.5, 6, 3, 12], "texture": "#2"},
				"south": {"uv": [1, 0, 2, 6], "texture": "#2"},
				"west": {"uv": [3, 6, 3.5, 12], "texture": "#2"},
				"up": {"uv": [10, 5.5, 9, 5], "texture": "#2"},
				"down": {"uv": [10, 5.5, 9, 6], "texture": "#2"}
			}
		},
		{
			"from": [7, 6, 8],
			"to": [9, 18, 9],
			"rotation": {"angle": 0, "axis": "y", "origin": [7, 16, 7]},
			"faces": {
				"north": {"uv": [2, 0, 3, 6], "texture": "#2"},
				"east": {"uv": [3.5, 6, 4, 12], "texture": "#2"},
				"south": {"uv": [3, 0, 4, 6], "texture": "#2"},
				"west": {"uv": [6.5, 0, 7, 6], "texture": "#2"},
				"up": {"uv": [7, 9.5, 6, 9], "texture": "#2"},
				"down": {"uv": [8, 9, 7, 9.5], "texture": "#2"}
			}
		},
		{
			"from": [9, 6, 7],
			"to": [10, 20, 8],
			"rotation": {"angle": 0, "axis": "y", "origin": [10, 18, 6]},
			"faces": {
				"north": {"uv": [5, 0, 5.5, 7], "texture": "#2"},
				"east": {"uv": [5.5, 0, 6, 7], "texture": "#2"},
				"south": {"uv": [0, 6, 0.5, 13], "texture": "#2"},
				"west": {"uv": [6, 0, 6.5, 7], "texture": "#2"},
				"up": {"uv": [5, 9.5, 4.5, 9], "texture": "#2"},
				"down": {"uv": [5, 9.5, 4.5, 10], "texture": "#2"}
			}
		},
		{
			"from": [6, 6, 7],
			"to": [7, 20, 8],
			"rotation": {"angle": 0, "axis": "y", "origin": [7, 18, 6]},
			"faces": {
				"north": {"uv": [0.5, 6, 1, 13], "texture": "#2"},
				"east": {"uv": [1, 6, 1.5, 13], "texture": "#2"},
				"south": {"uv": [1.5, 6, 2, 13], "texture": "#2"},
				"west": {"uv": [2, 6, 2.5, 13], "texture": "#2"},
				"up": {"uv": [8.5, 10, 8, 9.5], "texture": "#2"},
				"down": {"uv": [9, 9.5, 8.5, 10], "texture": "#2"}
			}
		},
		{
			"from": [7, 5, 7],
			"to": [9, 6, 8],
			"rotation": {"angle": 0, "axis": "y", "origin": [7, 4, 6]},
			"faces": {
				"north": {"uv": [8, 9, 9, 9.5], "texture": "#2"},
				"east": {"uv": [9, 9.5, 9.5, 10], "texture": "#2"},
				"south": {"uv": [9, 9, 10, 9.5], "texture": "#2"},
				"west": {"uv": [9.5, 9.5, 10, 10], "texture": "#2"},
				"up": {"uv": [10.5, 2.5, 9.5, 2], "texture": "#2"},
				"down": {"uv": [10.5, 2.5, 9.5, 3], "texture": "#2"}
			}
		},
		{
			"from": [7, 18, 7],
			"to": [9, 26, 8],
			"rotation": {"angle": 0, "axis": "y", "origin": [7, 23, 7]},
			"faces": {
				"north": {"uv": [4, 0, 5, 4], "texture": "#2"},
				"east": {"uv": [5, 7, 5.5, 11], "texture": "#2"},
				"south": {"uv": [4, 4, 5, 8], "texture": "#2"},
				"west": {"uv": [5.5, 7, 6, 11], "texture": "#2"},
				"up": {"uv": [7, 10, 6, 9.5], "texture": "#2"},
				"down": {"uv": [8, 9.5, 7, 10], "texture": "#2"}
			}
		},
		{
			"from": [6, 22, 7],
			"to": [10, 23, 8],
			"rotation": {"angle": 0, "axis": "y", "origin": [7, 22, 7]},
			"faces": {
				"north": {"uv": [6, 8, 8, 8.5], "texture": "#2"},
				"east": {"uv": [10, 3, 10.5, 3.5], "texture": "#2"},
				"south": {"uv": [8, 7, 10, 7.5], "texture": "#2"},
				"west": {"uv": [10, 3.5, 10.5, 4], "texture": "#2"},
				"up": {"uv": [10, 8, 8, 7.5], "texture": "#2"},
				"down": {"uv": [10, 8, 8, 8.5], "texture": "#2"}
			}
		},
		{
			"from": [6, 21, 8],
			"to": [10, 22, 9],
			"rotation": {"angle": 0, "axis": "y", "origin": [7, 21, 8]},
			"faces": {
				"north": {"uv": [6, 8.5, 8, 9], "texture": "#2"},
				"east": {"uv": [4, 10, 4.5, 10.5], "texture": "#2"},
				"south": {"uv": [8.5, 6, 10.5, 6.5], "texture": "#2"},
				"west": {"uv": [10, 4, 10.5, 4.5], "texture": "#2"},
				"up": {"uv": [10.5, 7, 8.5, 6.5], "texture": "#2"},
				"down": {"uv": [10, 8.5, 8, 9], "texture": "#2"}
			}
		},
		{
			"from": [6, 21, 6],
			"to": [10, 22, 7],
			"rotation": {"angle": 0, "axis": "y", "origin": [7, 21, 6]},
			"faces": {
				"north": {"uv": [9, 0, 11, 0.5], "texture": "#2"},
				"east": {"uv": [4.5, 10, 5, 10.5], "texture": "#2"},
				"south": {"uv": [9, 0.5, 11, 1], "texture": "#2"},
				"west": {"uv": [10, 4.5, 10.5, 5], "texture": "#2"},
				"up": {"uv": [11, 1.5, 9, 1], "texture": "#2"},
				"down": {"uv": [11, 1.5, 9, 2], "texture": "#2"}
			}
		},
		{
			"from": [5, 21, 7],
			"to": [11, 22, 8],
			"rotation": {"angle": 0, "axis": "y", "origin": [7, 21, 7]},
			"faces": {
				"north": {"uv": [7, 3, 10, 3.5], "texture": "#2"},
				"east": {"uv": [10, 5, 10.5, 5.5], "texture": "#2"},
				"south": {"uv": [7, 3.5, 10, 4], "texture": "#2"},
				"west": {"uv": [10, 5.5, 10.5, 6], "texture": "#2"},
				"up": {"uv": [10, 4.5, 7, 4], "texture": "#2"},
				"down": {"uv": [10, 4.5, 7, 5], "texture": "#2"}
			}
		}
	],
	"display": {
		"thirdperson_righthand": {
			"rotation": [24, -74, 0],
			"translation": [-2.75, -8.5, -2.25]
		},
		"gui": {
			"rotation": [18, -31, -23],
			"translation": [-1.75, -5.5, 0],
			"scale": [0.8, 0.8, 0.8]
		}
	},
	"groups": [
		{
			"name": "fourreau",
			"origin": [8, 8, 8],
			"color": 0,
			"children": [0, 1, 2, 3, 4, 5, 6, 7, 8, 9, 10, 11]
		}
	]
}