{
	"format_version": "1.21.6",
	"credit": "Made with Blockbench",
	"texture_size": [64, 64],
	"textures": {
		"0": "item/yoshi",
		"particle": "item/yoshi"
	},
	"elements": [
		{
			"from": [-1, 4, -1],
			"to": [2, 6, 2],
			"rotation": {"angle": 0, "axis": "y", "origin": [1, 4, 1]},
			"faces": {
				"north": {"uv": [3.75, 9.25, 4.5, 9.75], "texture": "#0"},
				"east": {"uv": [3, 9.25, 3.75, 9.75], "texture": "#0"},
				"south": {"uv": [5.25, 9.25, 6, 9.75], "texture": "#0"},
				"west": {"uv": [4.5, 9.25, 5.25, 9.75], "texture": "#0"},
				"up": {"uv": [4.5, 9.25, 3.75, 8.5], "texture": "#0"},
				"down": {"uv": [5.25, 8.5, 4.5, 9.25], "texture": "#0"}
			}
		},
		{
			"from": [-2, 3, -1],
			"to": [3, 4, 2],
			"rotation": {"angle": 0, "axis": "y", "origin": [1, 2, 1]},
			"faces": {
				"north": {"uv": [4.75, 6.5, 6, 6.75], "texture": "#0"},
				"east": {"uv": [4, 6.5, 4.75, 6.75], "texture": "#0"},
				"south": {"uv": [6.75, 6.5, 8, 6.75], "texture": "#0"},
				"west": {"uv": [6, 6.5, 6.75, 6.75], "texture": "#0"},
				"up": {"uv": [6, 6.5, 4.75, 5.75], "texture": "#0"},
				"down": {"uv": [7.25, 5.75, 6, 6.5], "texture": "#0"}
			}
		},
		{
			"from": [-1, 2, -5],
			"to": [2, 6, -2],
			"rotation": {"angle": 0, "axis": "y", "origin": [0, 5, -4]},
			"faces": {
				"north": {"uv": [6.75, 0.75, 7.5, 1.75], "texture": "#0"},
				"east": {"uv": [6, 0.75, 6.75, 1.75], "texture": "#0"},
				"south": {"uv": [8.25, 0.75, 9, 1.75], "texture": "#0"},
				"west": {"uv": [7.5, 0.75, 8.25, 1.75], "texture": "#0"},
				"up": {"uv": [7.5, 0.75, 6.75, 0], "texture": "#0"},
				"down": {"uv": [8.25, 0, 7.5, 0.75], "texture": "#0"}
			}
		},
		{
			"from": [-2, 2, -4],
			"to": [-1, 5, -2],
			"rotation": {"angle": 0, "axis": "y", "origin": [0, 4, -3]},
			"faces": {
				"north": {"uv": [9.5, 8.25, 9.75, 9], "texture": "#0"},
				"east": {"uv": [9, 8.25, 9.5, 9], "texture": "#0"},
				"south": {"uv": [10.25, 8.25, 10.5, 9], "texture": "#0"},
				"west": {"uv": [9.75, 8.25, 10.25, 9], "texture": "#0"},
				"up": {"uv": [9.75, 8.25, 9.5, 7.75], "texture": "#0"},
				"down": {"uv": [10, 7.75, 9.75, 8.25], "texture": "#0"}
			}
		},
		{
			"from": [-1, 2, -2],
			"to": [2, 5, -1],
			"rotation": {"angle": 0, "axis": "y", "origin": [0, 4, -1]},
			"faces": {
				"north": {"uv": [9.25, 7, 10, 7.75], "texture": "#0"},
				"east": {"uv": [9, 7, 9.25, 7.75], "texture": "#0"},
				"south": {"uv": [10.25, 7, 11, 7.75], "texture": "#0"},
				"west": {"uv": [10, 7, 10.25, 7.75], "texture": "#0"},
				"up": {"uv": [10, 7, 9.25, 6.75], "texture": "#0"},
				"down": {"uv": [10.75, 6.75, 10, 7], "texture": "#0"}
			}
		},
		{
			"from": [2, 2, -4],
			"to": [3, 5, -2],
			"rotation": {"angle": 0, "axis": "y", "origin": [4, 4, -3]},
			"faces": {
				"north": {"uv": [9.5, 9.5, 9.75, 10.25], "texture": "#0"},
				"east": {"uv": [9, 9.5, 9.5, 10.25], "texture": "#0"},
				"south": {"uv": [10.25, 9.5, 10.5, 10.25], "texture": "#0"},
				"west": {"uv": [9.75, 9.5, 10.25, 10.25], "texture": "#0"},
				"up": {"uv": [9.75, 9.5, 9.5, 9], "texture": "#0"},
				"down": {"uv": [10, 9, 9.75, 9.5], "texture": "#0"}
			}
		},
		{
			"from": [-1, 0, -3],
			"to": [2, 2, -1],
			"rotation": {"angle": 0, "axis": "y", "origin": [0, 4, -3]},
			"faces": {
				"north": {"uv": [9.5, 2, 10.25, 2.5], "texture": "#0"},
				"east": {"uv": [9, 2, 9.5, 2.5], "texture": "#0"},
				"south": {"uv": [10.75, 2, 11.5, 2.5], "texture": "#0"},
				"west": {"uv": [10.25, 2, 10.75, 2.5], "texture": "#0"},
				"up": {"uv": [10.25, 2, 9.5, 1.5], "texture": "#0"},
				"down": {"uv": [11, 1.5, 10.25, 2], "texture": "#0"}
			}
		},
		{
			"from": [-1, 1, -1],
			"to": [2, 4, 4],
			"rotation": {"angle": 0, "axis": "y", "origin": [0, 6, -1]},
			"faces": {
				"north": {"uv": [6.25, 3.25, 7, 4], "texture": "#0"},
				"east": {"uv": [5, 3.25, 6.25, 4], "texture": "#0"},
				"south": {"uv": [8.25, 3.25, 9, 4], "texture": "#0"},
				"west": {"uv": [7, 3.25, 8.25, 4], "texture": "#0"},
				"up": {"uv": [7, 3.25, 6.25, 2], "texture": "#0"},
				"down": {"uv": [7.75, 2, 7, 3.25], "texture": "#0"}
			}
		},
		{
			"from": [-1, 0, -1],
			"to": [2, 1, 2],
			"rotation": {"angle": 0, "axis": "y", "origin": [0, 3, -1]},
			"faces": {
				"north": {"uv": [8.75, 6.5, 9.5, 6.75], "texture": "#0"},
				"east": {"uv": [8, 6.5, 8.75, 6.75], "texture": "#0"},
				"south": {"uv": [10.25, 6.5, 11, 6.75], "texture": "#0"},
				"west": {"uv": [9.5, 6.5, 10.25, 6.75], "texture": "#0"},
				"up": {"uv": [9.5, 6.5, 8.75, 5.75], "texture": "#0"},
				"down": {"uv": [10.25, 5.75, 9.5, 6.5], "texture": "#0"}
			}
		},
		{
			"from": [0, 2, 4],
			"to": [1, 4, 6],
			"rotation": {"angle": 0, "axis": "y", "origin": [0, 6, 4]},
			"faces": {
				"north": {"uv": [7.5, 10.75, 7.75, 11.25], "texture": "#0"},
				"east": {"uv": [7, 10.75, 7.5, 11.25], "texture": "#0"},
				"south": {"uv": [8.25, 10.75, 8.5, 11.25], "texture": "#0"},
				"west": {"uv": [7.75, 10.75, 8.25, 11.25], "texture": "#0"},
				"up": {"uv": [7.75, 10.75, 7.5, 10.25], "texture": "#0"},
				"down": {"uv": [8, 10.25, 7.75, 10.75], "texture": "#0"}
			}
		},
		{
			"from": [-1, 1, -4],
			"to": [2, 2, -3],
			"rotation": {"angle": 0, "axis": "y", "origin": [0, 5, -4]},
			"faces": {
				"north": {"uv": [5.25, 10.5, 6, 10.75], "texture": "#0"},
				"east": {"uv": [5, 10.5, 5.25, 10.75], "texture": "#0"},
				"south": {"uv": [6.25, 10.5, 7, 10.75], "texture": "#0"},
				"west": {"uv": [6, 10.5, 6.25, 10.75], "texture": "#0"},
				"up": {"uv": [6, 10.5, 5.25, 10.25], "texture": "#0"},
				"down": {"uv": [6.75, 10.25, 6, 10.5], "texture": "#0"}
			}
		},
		{
			"from": [-1, 1.25, -6.15],
			"to": [2, 2.25, -5.15],
			"rotation": {"angle": -22.5, "axis": "x", "origin": [0, 5, -5]},
			"faces": {
				"north": {"uv": [2.25, 10, 3, 10.25], "texture": "#0"},
				"east": {"uv": [2, 10, 2.25, 10.25], "texture": "#0"},
				"south": {"uv": [3.25, 10, 4, 10.25], "texture": "#0"},
				"west": {"uv": [3, 10, 3.25, 10.25], "texture": "#0"},
				"up": {"uv": [3, 10, 2.25, 9.75], "texture": "#0"},
				"down": {"uv": [3.75, 9.75, 3, 10], "texture": "#0"}
			}
		},
		{
			"from": [-1, 0, -7.08],
			"to": [2, 1, -6.08],
			"rotation": {"angle": -45, "axis": "x", "origin": [0, 4, -6]},
			"faces": {
				"north": {"uv": [4.25, 10, 5, 10.25], "texture": "#0"},
				"east": {"uv": [4, 10, 4.25, 10.25], "texture": "#0"},
				"south": {"uv": [5.25, 10, 6, 10.25], "texture": "#0"},
				"west": {"uv": [5, 10, 5.25, 10.25], "texture": "#0"},
				"up": {"uv": [5, 10, 4.25, 9.75], "texture": "#0"},
				"down": {"uv": [5.75, 9.75, 5, 10], "texture": "#0"}
			}
		},
		{
			"from": [-1, -0.45, -2.3],
			"to": [2, 0.55, -1.3],
			"rotation": {"angle": 22.5, "axis": "x", "origin": [0, 4, -1]},
			"faces": {
				"north": {"uv": [6.25, 10, 7, 10.25], "texture": "#0"},
				"east": {"uv": [6, 10, 6.25, 10.25], "texture": "#0"},
				"south": {"uv": [7.25, 10, 8, 10.25], "texture": "#0"},
				"west": {"uv": [7, 10, 7.25, 10.25], "texture": "#0"},
				"up": {"uv": [7, 10, 6.25, 9.75], "texture": "#0"},
				"down": {"uv": [7.75, 9.75, 7, 10], "texture": "#0"}
			}
		}
	],
	"display": {
		"head": {
			"translation": [30, 5, 37.25],
			"scale": [4, 4, 4]
		}
	},
	"groups": [
		{
			"name": "body",
			"origin": [0, 5, -3],
			"color": 0,
			"children": [0, 1, 2, 3, 4, 5, 6, 7, 8, 9, 10, 11, 12, 13]
		}
	]
}