{
	"format_version": "1.21.6",
	"credit": "Made with Blockbench",
	"texture_size": [32, 32],
	"textures": {
		"0": "item/anonymous_hat",
		"particle": "item/anonymous_hat"
	},
	"elements": [
		{
			"from": [4, 1, 3],
			"to": [12, 8, 4],
			"rotation": {"angle": 0, "axis": "y", "origin": [4, 0, 2]},
			"faces": {
				"north": {"uv": [0, 0, 4, 3.5], "texture": "#0"},
				"east": {"uv": [4, 6, 4.5, 9.5], "texture": "#0"},
				"south": {"uv": [0, 3.5, 4, 7], "texture": "#0"},
				"west": {"uv": [4.5, 6, 5, 9.5], "texture": "#0"},
				"up": {"uv": [10, 2.5, 6, 2], "texture": "#0"},
				"down": {"uv": [10, 2.5, 6, 3], "texture": "#0"}
			}
		},
		{
			"from": [6, 0, 3],
			"to": [10, 1, 4],
			"rotation": {"angle": 0, "axis": "y", "origin": [4, -1, 2]},
			"faces": {
				"north": {"uv": [6, 5, 8, 5.5], "texture": "#0"},
				"east": {"uv": [0, 7, 0.5, 7.5], "texture": "#0"},
				"south": {"uv": [6, 5.5, 8, 6], "texture": "#0"},
				"west": {"uv": [0.5, 7, 1, 7.5], "texture": "#0"},
				"up": {"uv": [8, 6.5, 6, 6], "texture": "#0"},
				"down": {"uv": [8, 6.5, 6, 7], "texture": "#0"}
			}
		},
		{
			"from": [3, 5, 3],
			"to": [4, 6, 13],
			"rotation": {"angle": 0, "axis": "y", "origin": [2, 4, 3]},
			"faces": {
				"north": {"uv": [1, 7, 1.5, 7.5], "texture": "#0"},
				"east": {"uv": [4, 0, 9, 0.5], "texture": "#0"},
				"south": {"uv": [1.5, 7, 2, 7.5], "texture": "#0"},
				"west": {"uv": [4, 0.5, 9, 1], "texture": "#0"},
				"up": {"uv": [4.5, 6, 4, 1], "texture": "#0"},
				"down": {"uv": [5, 1, 4.5, 6], "texture": "#0"}
			}
		},
		{
			"from": [12, 5, 3],
			"to": [13, 6, 13],
			"rotation": {"angle": 0, "axis": "y", "origin": [11, 4, 3]},
			"faces": {
				"north": {"uv": [2, 7, 2.5, 7.5], "texture": "#0"},
				"east": {"uv": [5, 1, 10, 1.5], "texture": "#0"},
				"south": {"uv": [2.5, 7, 3, 7.5], "texture": "#0"},
				"west": {"uv": [5, 1.5, 10, 2], "texture": "#0"},
				"up": {"uv": [5.5, 7, 5, 2], "texture": "#0"},
				"down": {"uv": [6, 2, 5.5, 7], "texture": "#0"}
			}
		},
		{
			"from": [4, 5, 12],
			"to": [12, 6, 13],
			"rotation": {"angle": 0, "axis": "y", "origin": [11, 3, 3]},
			"faces": {
				"north": {"uv": [6, 3, 10, 3.5], "texture": "#0"},
				"east": {"uv": [3, 7, 3.5, 7.5], "texture": "#0"},
				"south": {"uv": [6, 3.5, 10, 4], "texture": "#0"},
				"west": {"uv": [3.5, 7, 4, 7.5], "texture": "#0"},
				"up": {"uv": [10, 4.5, 6, 4], "texture": "#0"},
				"down": {"uv": [10, 4.5, 6, 5], "texture": "#0"}
			}
		}
	],
	"display": {
		"gui": {
			"rotation": [9, 154, 0],
			"translation": [0.75, 4.25, 0],
			"scale": [1.2, 1.2, 1.2]
		},
		"head": {
			"translation": [0, 6, 0],
			"scale": [1.6, 1.6, 1.6]
		}
	}
}