{
	"format_version": "1.21.6",
	"credit": "Made with Blockbench",
	"textures": {
		"1": "item/baton_tendre"
	},
	"elements": [
		{
			"from": [8, 0, 1],
			"to": [9, 1, 14],
			"rotation": {"angle": 0, "axis": "y", "origin": [8, 0, 6]},
			"faces": {
				"north": {"uv": [8, 9, 9, 10], "texture": "#1"},
				"east": {"uv": [0, 0, 13, 1], "texture": "#1"},
				"south": {"uv": [9, 9, 10, 10], "texture": "#1"},
				"west": {"uv": [0, 1, 13, 2], "texture": "#1"},
				"up": {"uv": [1, 15, 0, 2], "texture": "#1"},
				"down": {"uv": [2, 2, 1, 15], "texture": "#1"}
			}
		},
		{
			"from": [8.5, 0, 1],
			"to": [9.5, 0.5, 5],
			"rotation": {"angle": 0, "axis": "y", "origin": [9.5, 0.5, 7.5]},
			"faces": {
				"north": {"uv": [6, 10, 7, 10.5], "texture": "#1"},
				"east": {"uv": [8, 8, 12, 8.5], "texture": "#1"},
				"south": {"uv": [10, 6, 11, 6.5], "texture": "#1"},
				"west": {"uv": [9, 2, 13, 2.5], "texture": "#1"},
				"up": {"uv": [5, 8, 4, 4], "texture": "#1"},
				"down": {"uv": [6, 4, 5, 8], "texture": "#1"}
			}
		},
		{
			"from": [8.5, 0.5, 1],
			"to": [9.5, 1.5, 8],
			"rotation": {"angle": 0, "axis": "y", "origin": [9.5, 1.5, 7.5]},
			"faces": {
				"north": {"uv": [5, 10, 6, 11], "texture": "#1"},
				"east": {"uv": [2, 2, 9, 3], "texture": "#1"},
				"south": {"uv": [10, 5, 11, 6], "texture": "#1"},
				"west": {"uv": [2, 3, 9, 4], "texture": "#1"},
				"up": {"uv": [3, 11, 2, 4], "texture": "#1"},
				"down": {"uv": [4, 4, 3, 11], "texture": "#1"}
			}
		},
		{
			"from": [8.5, 0, 10],
			"to": [9.5, 0.5, 13],
			"rotation": {"angle": 0, "axis": "y", "origin": [9.5, 0.5, 15.5]},
			"faces": {
				"north": {"uv": [10, 7, 11, 7.5], "texture": "#1"},
				"east": {"uv": [9, 3, 12, 3.5], "texture": "#1"},
				"south": {"uv": [8, 10, 9, 10.5], "texture": "#1"},
				"west": {"uv": [4, 9, 7, 9.5], "texture": "#1"},
				"up": {"uv": [7, 7, 6, 4], "texture": "#1"},
				"down": {"uv": [8, 4, 7, 7], "texture": "#1"}
			}
		},
		{
			"from": [4, 0, 10],
			"to": [5, 1, 12.5],
			"rotation": {"angle": -45, "axis": "y", "origin": [6, 0, 15]},
			"faces": {
				"north": {"uv": [4, 10, 5, 11], "texture": "#1"},
				"east": {"uv": [6, 7, 8.5, 8], "texture": "#1"},
				"south": {"uv": [10, 4, 11, 5], "texture": "#1"},
				"west": {"uv": [4, 8, 6.5, 9], "texture": "#1"},
				"up": {"uv": [9, 6.5, 8, 4], "texture": "#1"},
				"down": {"uv": [8, 8, 7, 10.5], "texture": "#1"}
			}
		},
		{
			"from": [6, 0.5, 12],
			"to": [7, 0.5, 13.5],
			"rotation": {"angle": 0, "axis": "y", "origin": [6, 0, 14]},
			"faces": {
				"north": {"uv": [0, 0, 1, 0], "texture": "#1"},
				"east": {"uv": [0, 0, 1.5, 0], "texture": "#1"},
				"south": {"uv": [0, 0, 1, 0], "texture": "#1"},
				"west": {"uv": [0, 0, 1.5, 0], "texture": "#1"},
				"up": {"uv": [10, 5.5, 9, 4], "texture": "#1"},
				"down": {"uv": [10, 6, 9, 7.5], "texture": "#1"}
			}
		},
		{
			"from": [5.5, 0.5, 12],
			"to": [6, 0.5, 13],
			"rotation": {"angle": 0, "axis": "y", "origin": [5, 0, 14]},
			"faces": {
				"north": {"uv": [0, 0, 0.5, 0], "texture": "#1"},
				"east": {"uv": [0, 0, 1, 0], "texture": "#1"},
				"south": {"uv": [0, 0, 0.5, 0], "texture": "#1"},
				"west": {"uv": [0, 0, 1, 0], "texture": "#1"},
				"up": {"uv": [9.5, 11, 9, 10], "texture": "#1"},
				"down": {"uv": [10.5, 9, 10, 10], "texture": "#1"}
			}
		}
	],
	"display": {
		"thirdperson_righthand": {
			"rotation": [-95, 0, 0],
			"translation": [-0.5, 3.25, -7.25]
		},
		"head": {
			"translation": [0, -30.75, 0],
			"scale": [1.5, 1.5, 1.5]
		}
	},
	"groups": [
		{
			"name": "bâton",
			"origin": [8, 8, 8],
			"color": 0,
			"children": [0, 1, 2, 3, 4, 5, 6]
		}
	]
}