{
	"format_version": "1.21.6",
	"credit": "Made with Blockbench",
	"textures": {
		"0": "item/minerai_fer",
		"particle": "item/minerai_fer"
	},
	"elements": [
		{
			"from": [6, 0, 7],
			"to": [11, 2, 10],
			"rotation": {"angle": 0, "axis": "y", "origin": [9, 0, 7]},
			"faces": {
				"north": {"uv": [5, 0, 10, 2], "texture": "#0"},
				"east": {"uv": [3, 7, 6, 9], "texture": "#0"},
				"south": {"uv": [5, 2, 10, 4], "texture": "#0"},
				"west": {"uv": [6, 7, 9, 9], "texture": "#0"},
				"up": {"uv": [5, 3, 0, 0], "texture": "#0"},
				"down": {"uv": [5, 3, 0, 6], "texture": "#0"}
			}
		},
		{
			"from": [7, 2, 7],
			"to": [10, 3, 10],
			"rotation": {"angle": 0, "axis": "y", "origin": [9, 2, 7]},
			"faces": {
				"north": {"uv": [8, 6, 11, 7], "texture": "#0"},
				"east": {"uv": [2, 9, 5, 10], "texture": "#0"},
				"south": {"uv": [5, 9, 8, 10], "texture": "#0"},
				"west": {"uv": [9, 7, 12, 8], "texture": "#0"},
				"up": {"uv": [8, 7, 5, 4], "texture": "#0"},
				"down": {"uv": [3, 6, 0, 9], "texture": "#0"}
			}
		},
		{
			"from": [7, 0, 6],
			"to": [9, 2, 7],
			"rotation": {"angle": 0, "axis": "y", "origin": [9, 2, 4]},
			"faces": {
				"north": {"uv": [8, 4, 10, 6], "texture": "#0"},
				"east": {"uv": [8, 9, 9, 11], "texture": "#0"},
				"south": {"uv": [0, 9, 2, 11], "texture": "#0"},
				"west": {"uv": [9, 8, 10, 10], "texture": "#0"},
				"up": {"uv": [5, 7, 3, 6], "texture": "#0"},
				"down": {"uv": [12, 0, 10, 1], "texture": "#0"}
			}
		},
		{
			"from": [9, 0, 6],
			"to": [11, 1, 7],
			"rotation": {"angle": 0, "axis": "y", "origin": [11, 2, 4]},
			"faces": {
				"north": {"uv": [10, 1, 12, 2], "texture": "#0"},
				"east": {"uv": [11, 6, 12, 7], "texture": "#0"},
				"south": {"uv": [2, 10, 4, 11], "texture": "#0"},
				"west": {"uv": [12, 8, 13, 9], "texture": "#0"},
				"up": {"uv": [12, 3, 10, 2], "texture": "#0"},
				"down": {"uv": [12, 3, 10, 4], "texture": "#0"}
			}
		},
		{
			"from": [8, 0, 10],
			"to": [10, 1, 11],
			"rotation": {"angle": 0, "axis": "y", "origin": [10, 2, 8]},
			"faces": {
				"north": {"uv": [4, 10, 6, 11], "texture": "#0"},
				"east": {"uv": [12, 9, 13, 10], "texture": "#0"},
				"south": {"uv": [10, 4, 12, 5], "texture": "#0"},
				"west": {"uv": [12, 10, 13, 11], "texture": "#0"},
				"up": {"uv": [12, 6, 10, 5], "texture": "#0"},
				"down": {"uv": [8, 10, 6, 11], "texture": "#0"}
			}
		},
		{
			"from": [5, 0, 11],
			"to": [7, 1, 12],
			"rotation": {"angle": 0, "axis": "y", "origin": [7, 2, 9]},
			"faces": {
				"north": {"uv": [10, 8, 12, 9], "texture": "#0"},
				"east": {"uv": [11, 12, 12, 13], "texture": "#0"},
				"south": {"uv": [9, 10, 11, 11], "texture": "#0"},
				"west": {"uv": [12, 11, 13, 12], "texture": "#0"},
				"up": {"uv": [12, 10, 10, 9], "texture": "#0"},
				"down": {"uv": [2, 11, 0, 12], "texture": "#0"}
			}
		},
		{
			"from": [6.5, 1.5, 8.5],
			"to": [7.5, 3.5, 9.5],
			"rotation": {"angle": 45, "axis": "z", "origin": [7, 1, 7]},
			"faces": {
				"north": {"uv": [2, 11, 3, 13], "texture": "#0"},
				"east": {"uv": [3, 11, 4, 13], "texture": "#0"},
				"south": {"uv": [4, 11, 5, 13], "texture": "#0"},
				"west": {"uv": [5, 11, 6, 13], "texture": "#0"},
				"up": {"uv": [13, 13, 12, 12], "texture": "#0"},
				"down": {"uv": [14, 0, 13, 1], "texture": "#0"}
			}
		},
		{
			"from": [8.5, 2.5, 7.5],
			"to": [9.5, 4.5, 8.5],
			"rotation": {"angle": -45, "axis": "z", "origin": [9, 2, 6]},
			"faces": {
				"north": {"uv": [6, 11, 7, 13], "texture": "#0"},
				"east": {"uv": [7, 11, 8, 13], "texture": "#0"},
				"south": {"uv": [8, 11, 9, 13], "texture": "#0"},
				"west": {"uv": [9, 11, 10, 13], "texture": "#0"},
				"up": {"uv": [14, 2, 13, 1], "texture": "#0"},
				"down": {"uv": [3, 13, 2, 14], "texture": "#0"}
			}
		},
		{
			"from": [7.5, 4, 9],
			"to": [8.5, 6, 10],
			"rotation": {"angle": 45, "axis": "x", "origin": [8, 3, 7]},
			"faces": {
				"north": {"uv": [10, 11, 11, 13], "texture": "#0"},
				"east": {"uv": [11, 10, 12, 12], "texture": "#0"},
				"south": {"uv": [0, 12, 1, 14], "texture": "#0"},
				"west": {"uv": [12, 0, 13, 2], "texture": "#0"},
				"up": {"uv": [14, 3, 13, 2], "texture": "#0"},
				"down": {"uv": [4, 13, 3, 14], "texture": "#0"}
			}
		},
		{
			"from": [7.5, -1.5, 7.5],
			"to": [8.5, 0.5, 8.5],
			"rotation": {"angle": -45, "axis": "x", "origin": [8, -2, 5]},
			"faces": {
				"north": {"uv": [1, 12, 2, 14], "texture": "#0"},
				"east": {"uv": [12, 2, 13, 4], "texture": "#0"},
				"south": {"uv": [12, 4, 13, 6], "texture": "#0"},
				"west": {"uv": [12, 6, 13, 8], "texture": "#0"},
				"up": {"uv": [14, 4, 13, 3], "texture": "#0"},
				"down": {"uv": [5, 13, 4, 14], "texture": "#0"}
			}
		}
	],
	"display": {
		"head": {
			"translation": [-1.75, -26.25, -1.5],
			"scale": [2, 2, 2]
		}
	},
	"groups": [
		{
			"name": "minerai",
			"origin": [8, 8, 8],
			"color": 0,
			"children": [0, 1, 2, 3, 4, 5]
		},
		6,
		7,
		8,
		9
	]
}