{
	"format_version": "1.21.6",
	"credit": "Made with Blockbench",
	"texture_size": [64, 64],
	"textures": {
		"0": "item/yoshi",
		"particle": "item/yoshi"
	},
	"elements": [
		{
			"from": [-2, 9, -12],
			"to": [3, 13, -9],
			"rotation": {"angle": 0, "axis": "y", "origin": [1, 12, -11]},
			"faces": {
				"north": {"uv": [5.75, 4.75, 7, 5.75], "texture": "#0"},
				"east": {"uv": [5, 4.75, 5.75, 5.75], "texture": "#0"},
				"south": {"uv": [7.75, 4.75, 9, 5.75], "texture": "#0"},
				"west": {"uv": [7, 4.75, 7.75, 5.75], "texture": "#0"},
				"up": {"uv": [7, 4.75, 5.75, 4], "texture": "#0"},
				"down": {"uv": [8.25, 4, 7, 4.75], "texture": "#0"}
			}
		},
		{
			"from": [-2, 13, -12],
			"to": [3, 14, -9],
			"rotation": {"angle": 0, "axis": "y", "origin": [1, 16, -11]},
			"faces": {
				"north": {"uv": [0.75, 6.5, 2, 6.75], "texture": "#0"},
				"east": {"uv": [0, 6.5, 0.75, 6.75], "texture": "#0"},
				"south": {"uv": [2.75, 6.5, 4, 6.75], "texture": "#0"},
				"west": {"uv": [2, 6.5, 2.75, 6.75], "texture": "#0"},
				"up": {"uv": [2, 6.5, 0.75, 5.75], "texture": "#0"},
				"down": {"uv": [3.25, 5.75, 2, 6.5], "texture": "#0"}
			}
		},
		{
			"from": [-2, 9, -9],
			"to": [3, 13, -8],
			"rotation": {"angle": 0, "axis": "y", "origin": [1, 12, -8]},
			"faces": {
				"north": {"uv": [0.25, 8.75, 1.5, 9.75], "texture": "#0"},
				"east": {"uv": [0, 8.75, 0.25, 9.75], "texture": "#0"},
				"south": {"uv": [1.75, 8.75, 3, 9.75], "texture": "#0"},
				"west": {"uv": [1.5, 8.75, 1.75, 9.75], "texture": "#0"},
				"up": {"uv": [1.5, 8.75, 0.25, 8.5], "texture": "#0"},
				"down": {"uv": [2.75, 8.5, 1.5, 8.75], "texture": "#0"}
			}
		},
		{
			"from": [-2, 13, -8],
			"to": [3, 17, -3],
			"rotation": {"angle": 0, "axis": "y", "origin": [1, 12, -7]},
			"faces": {
				"north": {"uv": [1.25, 3.25, 2.5, 4.25], "texture": "#0"},
				"east": {"uv": [0, 3.25, 1.25, 4.25], "texture": "#0"},
				"south": {"uv": [3.75, 3.25, 5, 4.25], "texture": "#0"},
				"west": {"uv": [2.5, 3.25, 3.75, 4.25], "texture": "#0"},
				"up": {"uv": [2.5, 3.25, 1.25, 2], "texture": "#0"},
				"down": {"uv": [3.75, 2, 2.5, 3.25], "texture": "#0"}
			}
		},
		{
			"from": [-3, 10, -8],
			"to": [4, 13, -3],
			"rotation": {"angle": 0, "axis": "y", "origin": [1, 8, -7]},
			"faces": {
				"north": {"uv": [1.25, 1.25, 3, 2], "texture": "#0"},
				"east": {"uv": [0, 1.25, 1.25, 2], "texture": "#0"},
				"south": {"uv": [4.25, 1.25, 6, 2], "texture": "#0"},
				"west": {"uv": [3, 1.25, 4.25, 2], "texture": "#0"},
				"up": {"uv": [3, 1.25, 1.25, 0], "texture": "#0"},
				"down": {"uv": [4.75, 0, 3, 1.25], "texture": "#0"}
			}
		},
		{
			"from": [-2, 9, -8],
			"to": [3, 10, -3],
			"rotation": {"angle": 0, "axis": "y", "origin": [1, 5, -7]},
			"faces": {
				"north": {"uv": [1.25, 5.5, 2.5, 5.75], "texture": "#0"},
				"east": {"uv": [0, 5.5, 1.25, 5.75], "texture": "#0"},
				"south": {"uv": [3.75, 5.5, 5, 5.75], "texture": "#0"},
				"west": {"uv": [2.5, 5.5, 3.75, 5.75], "texture": "#0"},
				"up": {"uv": [2.5, 5.5, 1.25, 4.25], "texture": "#0"},
				"down": {"uv": [3.75, 4.25, 2.5, 5.5], "texture": "#0"}
			}
		},
		{
			"from": [-1, 10, -3],
			"to": [2, 15, -2],
			"rotation": {"angle": 0, "axis": "y", "origin": [1, 6, -6]},
			"faces": {
				"north": {"uv": [9.25, 0.25, 10, 1.5], "texture": "#0"},
				"east": {"uv": [9, 0.25, 9.25, 1.5], "texture": "#0"},
				"south": {"uv": [10.25, 0.25, 11, 1.5], "texture": "#0"},
				"west": {"uv": [10, 0.25, 10.25, 1.5], "texture": "#0"},
				"up": {"uv": [10, 0.25, 9.25, 0], "texture": "#0"},
				"down": {"uv": [10.75, 0, 10, 0.25], "texture": "#0"}
			}
		},
		{
			"from": [0, 14, -3],
			"to": [1, 16, -1],
			"rotation": {"angle": 0, "axis": "y", "origin": [0, 14, -2]},
			"faces": {
				"north": {"uv": [2.5, 10.75, 2.75, 11.25], "texture": "#0"},
				"east": {"uv": [2, 10.75, 2.5, 11.25], "texture": "#0"},
				"south": {"uv": [3.25, 10.75, 3.5, 11.25], "texture": "#0"},
				"west": {"uv": [2.75, 10.75, 3.25, 11.25], "texture": "#0"},
				"up": {"uv": [2.75, 10.75, 2.5, 10.25], "texture": "#0"},
				"down": {"uv": [3, 10.25, 2.75, 10.75], "texture": "#0"}
			}
		},
		{
			"from": [0, 11, -2],
			"to": [1, 13, 0],
			"rotation": {"angle": 0, "axis": "y", "origin": [0, 11, -1]},
			"faces": {
				"north": {"uv": [4, 10.75, 4.25, 11.25], "texture": "#0"},
				"east": {"uv": [3.5, 10.75, 4, 11.25], "texture": "#0"},
				"south": {"uv": [4.75, 10.75, 5, 11.25], "texture": "#0"},
				"west": {"uv": [4.25, 10.75, 4.75, 11.25], "texture": "#0"},
				"up": {"uv": [4.25, 10.75, 4, 10.25], "texture": "#0"},
				"down": {"uv": [4.5, 10.25, 4.25, 10.75], "texture": "#0"}
			}
		}
	],
	"display": {
		"head": {
			"translation": [30, -19.5, 42.75],
			"scale": [4, 4, 4]
		}
	},
	"groups": [
		0,
		1,
		2,
		3,
		4,
		5,
		6,
		7,
		8,
		{
			"name": "head",
			"origin": [0, 9, -3],
			"color": 0,
			"children": [
				{
					"name": "body",
					"origin": [0, 5, -3],
					"color": 0,
					"children": []
				}
			]
		}
	]
}