{
	"format_version": "1.21.6",
	"credit": "Made with Blockbench",
	"texture_size": [32, 32],
	"textures": {
		"0": "item/anonymous_laptop",
		"particle": "item/anonymous_laptop"
	},
	"elements": [
		{
			"from": [4, 0, 4],
			"to": [13, 1, 10],
			"rotation": {"angle": 0, "axis": "y", "origin": [6, 0, 8]},
			"faces": {
				"north": {"uv": [0, 6, 4.5, 6.5], "texture": "#0"},
				"east": {"uv": [0, 7, 3, 7.5], "texture": "#0"},
				"south": {"uv": [4.5, 6, 9, 6.5], "texture": "#0"},
				"west": {"uv": [3, 7, 6, 7.5], "texture": "#0"},
				"up": {"uv": [4.5, 3, 0, 0], "texture": "#0"},
				"down": {"uv": [4.5, 3, 0, 6], "texture": "#0"}
			}
		},
		{
			"from": [4, 0, 10],
			"to": [13, 6, 11],
			"rotation": {"angle": 22.5, "axis": "x", "origin": [6, 2, 10]},
			"faces": {
				"north": {"uv": [4.5, 0, 9, 3], "texture": "#0"},
				"east": {"uv": [6, 7, 6.5, 10], "texture": "#0"},
				"south": {"uv": [4.5, 3, 9, 6], "texture": "#0"},
				"west": {"uv": [6.5, 7, 7, 10], "texture": "#0"},
				"up": {"uv": [4.5, 7, 0, 6.5], "texture": "#0"},
				"down": {"uv": [9, 6.5, 4.5, 7], "texture": "#0"}
			}
		}
	],
	"display": {
		"thirdperson_righthand": {
			"rotation": [68, 180, 0],
			"translation": [0.75, 6, 7.25]
		},
		"thirdperson_lefthand": {
			"rotation": [68, -180, 0],
			"translation": [0.75, 6, 7.25]
		},
		"ground": {
			"translation": [0, 5.25, 0]
		},
		"gui": {
			"rotation": [14, 140, 0],
			"translation": [0.25, 4.75, 0],
			"scale": [1.2, 1.2, 1.2]
		}
	}
}