{
	"format_version": "1.21.6",
	"credit": "Made with Blockbench",
	"texture_size": [32, 32],
	"textures": {
		"0": "item/red_mushroom",
		"particle": "item/red_mushroom"
	},
	"elements": [
		{
			"from": [6, 1, 6],
			"to": [10, 3, 10],
			"rotation": {"angle": 0, "axis": "y", "origin": [8, 4.75, 8]},
			"faces": {
				"north": {"uv": [0, 7.5, 2, 8.5], "texture": "#0"},
				"east": {"uv": [5, 7.5, 7, 8.5], "texture": "#0"},
				"south": {"uv": [7, 7.5, 9, 8.5], "texture": "#0"},
				"west": {"uv": [8, 1.5, 10, 2.5], "texture": "#0"},
				"up": {"uv": [8, 3.5, 6, 1.5], "texture": "#0"},
				"down": {"uv": [8, 3.5, 6, 5.5], "texture": "#0"}
			}
		},
		{
			"from": [5, 3, 5],
			"to": [11, 6, 11],
			"rotation": {"angle": 0, "axis": "y", "origin": [8, 4.75, 8]},
			"faces": {
				"north": {"uv": [3, 4, 6, 5.5], "texture": "#0"},
				"east": {"uv": [3, 5.5, 6, 7], "texture": "#0"},
				"south": {"uv": [0, 6, 3, 7.5], "texture": "#0"},
				"west": {"uv": [6, 0, 9, 1.5], "texture": "#0"},
				"up": {"uv": [3, 3, 0, 0], "texture": "#0"},
				"down": {"uv": [3, 3, 0, 6], "texture": "#0"}
			}
		},
		{
			"from": [5, 6, 6],
			"to": [11, 7, 10],
			"rotation": {"angle": 0, "axis": "y", "origin": [8, 4.75, 8]},
			"faces": {
				"north": {"uv": [8, 2.5, 11, 3], "texture": "#0"},
				"east": {"uv": [8, 3.5, 10, 4], "texture": "#0"},
				"south": {"uv": [8, 3, 11, 3.5], "texture": "#0"},
				"west": {"uv": [8, 4, 10, 4.5], "texture": "#0"},
				"up": {"uv": [6, 2, 3, 0], "texture": "#0"},
				"down": {"uv": [6, 2, 3, 4], "texture": "#0"}
			}
		},
		{
			"from": [6, 7, 6],
			"to": [10, 8, 10],
			"rotation": {"angle": 0, "axis": "y", "origin": [8, 4.75, 8]},
			"faces": {
				"north": {"uv": [8, 4.5, 10, 5], "texture": "#0"},
				"east": {"uv": [8, 5, 10, 5.5], "texture": "#0"},
				"south": {"uv": [8, 5.5, 10, 6], "texture": "#0"},
				"west": {"uv": [8, 6, 10, 6.5], "texture": "#0"},
				"up": {"uv": [8, 7.5, 6, 5.5], "texture": "#0"},
				"down": {"uv": [5, 7, 3, 9], "texture": "#0"}
			}
		},
		{
			"from": [6, 6, 10],
			"to": [10, 7, 11],
			"rotation": {"angle": 0, "axis": "y", "origin": [8, 4.75, 8]},
			"faces": {
				"north": {"uv": [8, 6.5, 10, 7], "texture": "#0"},
				"east": {"uv": [5, 7, 5.5, 7.5], "texture": "#0"},
				"south": {"uv": [8, 7, 10, 7.5], "texture": "#0"},
				"west": {"uv": [5.5, 7, 6, 7.5], "texture": "#0"},
				"up": {"uv": [2, 9, 0, 8.5], "texture": "#0"},
				"down": {"uv": [7, 8.5, 5, 9], "texture": "#0"}
			}
		},
		{
			"from": [6, 6, 5],
			"to": [10, 7, 6],
			"rotation": {"angle": 0, "axis": "y", "origin": [8, 4.75, 8]},
			"faces": {
				"north": {"uv": [7, 8.5, 9, 9], "texture": "#0"},
				"east": {"uv": [2, 7.5, 2.5, 8], "texture": "#0"},
				"south": {"uv": [0, 9, 2, 9.5], "texture": "#0"},
				"west": {"uv": [2.5, 7.5, 3, 8], "texture": "#0"},
				"up": {"uv": [11, 0.5, 9, 0], "texture": "#0"},
				"down": {"uv": [11, 0.5, 9, 1], "texture": "#0"}
			}
		}
	],
	"display": {
		"thirdperson_righthand": {
			"translation": [0, 5.75, 0]
		},
		"thirdperson_lefthand": {
			"translation": [0, 3, 0]
		},
		"gui": {
			"rotation": [22, 132, 0],
			"translation": [0.5, 5, 0],
			"scale": [1.5, 1.5, 1.5]
		}
	},
	"groups": [
		{
			"name": "champi",
			"origin": [8, 8, 8],
			"color": 0,
			"children": [0, 1, 2, 3, 4, 5]
		}
	]
}