{
  "parent": "item/generated",
  "textures": {
    "layer0": "item/carved_pumpkin"
  },
  "overrides": [
    {
      "predicate": {"custom_model_data": 1001},
      "model": "item/cosmetics/hats/jopawhat"
    },
    {
      "predicate": {"custom_model_data": 1002},
      "model": "item/cosmetics/hats/red_cap"
    },
    {
      "predicate": {"custom_model_data": 1003},
      "model": "item/cosmetics/hats/vote_hat"
    },
    {
      "predicate": {"custom_model_data": 1004},
      "model": "item/cosmetics/hats/anonymous_hat"
    },
    {
      "predicate": {"custom_model_data": 1005},
      "model": "item/cosmetics/hats/funnyglasses"
    },
    {
      "predicate": {"custom_model_data": 1006},
      "model": "item/cosmetics/hats/mario_cap"
    },
    {
      "predicate": {"custom_model_data": 1007},
      "model": "item/cosmetics/hats/unicorn_ears"
    },
    {
      "predicate": {"custom_model_data": 1008},
      "model": "item/cosmetics/hats/cat_ears"
    }
  ]
}
