{
	"format_version": "1.21.6",
	"credit": "Made with Blockbench",
	"texture_size": [32, 32],
	"textures": {
		"0": "item/vote_hat",
		"particle": "vote_hat"
	},
	"elements": [
		{
			"from": [3, 1, 1.5],
			"to": [11, 2, 6.5],
			"rotation": {"angle": -22.5, "axis": "x", "origin": [7, 3.45276, 9.2707]},
			"faces": {
				"north": {"uv": [9, 6, 13, 6.5], "texture": "#0"},
				"east": {"uv": [11, 11.5, 13.5, 12], "texture": "#0"},
				"south": {"uv": [9, 6.5, 13, 7], "texture": "#0"},
				"west": {"uv": [12, 0, 14.5, 0.5], "texture": "#0"},
				"up": {"uv": [13, 6, 9, 3.5], "texture": "#0"},
				"down": {"uv": [4, 11.5, 0, 14], "texture": "#0"}
			}
		},
		{
			"from": [3, 0, 7],
			"to": [11, 7, 16],
			"rotation": {"angle": 0, "axis": "y", "origin": [7, 3.45276, 8.2707]},
			"faces": {
				"north": {"uv": [0, 8, 4, 11.5], "texture": "#0"},
				"east": {"uv": [0, 4.5, 4.5, 8], "texture": "#0"},
				"south": {"uv": [8, 0, 12, 3.5], "texture": "#0"},
				"west": {"uv": [4.5, 4.5, 9, 8], "texture": "#0"},
				"up": {"uv": [4, 4.5, 0, 0], "texture": "#0"},
				"down": {"uv": [8, 0, 4, 4.5], "texture": "#0"}
			}
		},
		{
			"from": [3, 7, 8],
			"to": [11, 8, 15],
			"rotation": {"angle": 0, "axis": "y", "origin": [7, 3.45276, 8.2707]},
			"faces": {
				"north": {"uv": [9, 7, 13, 7.5], "texture": "#0"},
				"east": {"uv": [4, 11.5, 7.5, 12], "texture": "#0"},
				"south": {"uv": [9, 7.5, 13, 8], "texture": "#0"},
				"west": {"uv": [7.5, 11.5, 11, 12], "texture": "#0"},
				"up": {"uv": [8, 11.5, 4, 8], "texture": "#0"},
				"down": {"uv": [12, 8, 8, 11.5], "texture": "#0"}
			}
		}
	],
	"display": {
		"gui": {
			"rotation": [14, 144, 0],
			"translation": [-1.75, 3, 0]
		},
		"head": {
			"rotation": [0.05, 0, 0],
			"translation": [1.75, 14, -6.25],
			"scale": [1.7, 1.40703, 1.7]
		}
	},
	"groups": [
		{
			"name": "hat",
			"origin": [8, 8, 8],
			"color": 0,
			"children": [0, 1, 2]
		}
	]
}