{"format_version":"1.21.6","credit":"Made with Blockbench","texture_size":[64,64],"textures":{"0":"blockbench/gobelin1"},"elements":[{"name":"main","from":[3.5,21,2],"to":[10.5,28,8],"rotation":{"angle":0,"axis":"y","origin":[7,24.45711,4.89645]},"faces":{"north":{"uv":[1.5,1.5,3.25,3.25],"texture":"#0"},"east":{"uv":[0,1.5,1.5,3.25],"texture":"#0"},"south":{"uv":[4.75,1.5,6.5,3.25],"texture":"#0"},"west":{"uv":[3.25,1.5,4.75,3.25],"texture":"#0"},"up":{"uv":[3.25,1.5,1.5,0],"texture":"#0"},"down":{"uv":[5,0,3.25,1.5],"texture":"#0"}}},{"name":"nose","from":[6,21,0.5],"to":[8,24,2.5],"rotation":{"angle":0,"axis":"y","origin":[7,24.45711,4.89645]},"faces":{"north":{"uv":[9,10,9.5,10.75],"texture":"#0"},"east":{"uv":[8.5,10,9,10.75],"texture":"#0"},"south":{"uv":[10,10,10.5,10.75],"texture":"#0"},"west":{"uv":[9.5,10,10,10.75],"texture":"#0"},"up":{"uv":[9.5,10,9,9.5],"texture":"#0"},"down":{"uv":[10,9.5,9.5,10],"texture":"#0"}}},{"name":"p1","from":[2.5,23.35355,5.76777],"to":[3.5,24.35355,10.76777],"rotation":{"angle":-45,"axis":"x","origin":[7,24.45711,4.89645]},"faces":{"north":{"uv":[7.75,4.25,8,4.5],"texture":"#0"},"east":{"uv":[6.5,4.25,7.75,4.5],"texture":"#0"},"south":{"uv":[9.25,4.25,9.5,4.5],"texture":"#0"},"west":{"uv":[8,4.25,9.25,4.5],"texture":"#0"},"up":{"uv":[8,4.25,7.75,3],"texture":"#0"},"down":{"uv":[8.25,3,8,4.25],"texture":"#0"}}},{"name":"p2","from":[2.5,23.61248,4.74107],"to":[3.5,25.61248,8.74107],"rotation":{"angle":-22.5,"axis":"x","origin":[7,24.45711,4.89645]},"faces":{"north":{"uv":[9.5,9,9.75,9.5],"texture":"#0"},"east":{"uv":[8.5,9,9.5,9.5],"texture":"#0"},"south":{"uv":[10.75,9,11,9.5],"texture":"#0"},"west":{"uv":[9.75,9,10.75,9.5],"texture":"#0"},"up":{"uv":[9.75,9,9.5,8],"texture":"#0"},"down":{"uv":[10,8,9.75,9],"texture":"#0"}}},{"name":"p3","from":[2.5,22.93934,7.18198],"to":[3.5,23.93934,10.18198],"rotation":{"angle":-45,"axis":"x","origin":[7,24.45711,4.89645]},"faces":{"north":{"uv":[4.75,11.25,5,11.5],"texture":"#0"},"east":{"uv":[4,11.25,4.75,11.5],"texture":"#0"},"south":{"uv":[5.75,11.25,6,11.5],"texture":"#0"},"west":{"uv":[5,11.25,5.75,11.5],"texture":"#0"},"up":{"uv":[5,11.25,4.75,10.5],"texture":"#0"},"down":{"uv":[5.25,10.5,5,11.25],"texture":"#0"}}},{"name":"p1","from":[10.5,23.35355,5.76777],"to":[11.5,24.35355,10.76777],"rotation":{"angle":-45,"axis":"x","origin":[7,24.45711,4.89645]},"faces":{"north":{"uv":[7.75,5.75,8,6],"texture":"#0"},"east":{"uv":[6.5,5.75,7.75,6],"texture":"#0"},"south":{"uv":[9.25,5.75,9.5,6],"texture":"#0"},"west":{"uv":[8,5.75,9.25,6],"texture":"#0"},"up":{"uv":[8,5.75,7.75,4.5],"texture":"#0"},"down":{"uv":[8.25,4.5,8,5.75],"texture":"#0"}}},{"name":"p2","from":[10.5,23.61248,4.74107],"to":[11.5,25.61248,8.74107],"rotation":{"angle":-22.5,"axis":"x","origin":[7,24.45711,4.89645]},"faces":{"north":{"uv":[10.5,1,10.75,1.5],"texture":"#0"},"east":{"uv":[9.5,1,10.5,1.5],"texture":"#0"},"south":{"uv":[11.75,1,12,1.5],"texture":"#0"},"west":{"uv":[10.75,1,11.75,1.5],"texture":"#0"},"up":{"uv":[10.75,1,10.5,0],"texture":"#0"},"down":{"uv":[11,0,10.75,1],"texture":"#0"}}},{"name":"p3","from":[10.5,22.93934,7.18198],"to":[11.5,23.93934,10.18198],"rotation":{"angle":-45,"axis":"x","origin":[7,24.45711,4.89645]},"faces":{"north":{"uv":[6.75,11.25,7,11.5],"texture":"#0"},"east":{"uv":[6,11.25,6.75,11.5],"texture":"#0"},"south":{"uv":[7.75,11.25,8,11.5],"texture":"#0"},"west":{"uv":[7,11.25,7.75,11.5],"texture":"#0"},"up":{"uv":[7,11.25,6.75,10.5],"texture":"#0"},"down":{"uv":[7.25,10.5,7,11.25],"texture":"#0"}}}],"display":{"head":{"translation":[2,-32.25,2.5],"scale":[2,2,2]}},"groups":[{"name":"head","origin":[7,23.5,6.25],"color":0,"children":[0,1,{"name":"hear","origin":[7,0,8],"color":0,"children":[2,3,4]},{"name":"hear2","origin":[23,0,8],"color":0,"children":[5,6,7]}]}]}