{
  "parent": "item/generated",
  "textures": { "layer0": "item/blaze_powder" },
  "overrides": [
	{ "predicate": { "custom_model_data": 1001 }, "model": "item/cosmetics/hand/anonymous_laptop" },
	{ "predicate": { "custom_model_data": 1002 }, "model": "item/cosmetics/hand/red_mushroom" },
	{ "predicate": { "custom_model_data": 1003 }, "model": "item/cosmetics/hand/knight_shield" },
	{ "predicate": { "custom_model_data": 1004 }, "model": "item/cosmetics/hand/knight_sword" },
	{ "predicate": { "custom_model_data": 1005 }, "model": "item/cosmetics/hand/candybag" },
	]
}