{
	"format_version": "1.21.6",
	"credit": "Made with Blockbench",
	"texture_size": [64, 64],
	"textures": {
		"0": "item/yoshi",
		"particle": "item/yoshi"
	},
	"elements": [
		{
			"from": [-3, 4, -7],
			"to": [-2, 6, -4],
			"rotation": {"angle": 0, "axis": "y", "origin": [-3, 4, -6]},
			"faces": {
				"north": {"uv": [9.75, 4.5, 10, 5], "texture": "#0"},
				"east": {"uv": [9, 4.5, 9.75, 5], "texture": "#0"},
				"south": {"uv": [10.75, 4.5, 11, 5], "texture": "#0"},
				"west": {"uv": [10, 4.5, 10.75, 5], "texture": "#0"},
				"up": {"uv": [10, 4.5, 9.75, 3.75], "texture": "#0"},
				"down": {"uv": [10.25, 3.75, 10, 4.5], "texture": "#0"}
			}
		},
		{
			"from": [-3, 6, -5],
			"to": [-2, 8, -4],
			"rotation": {"angle": 0, "axis": "y", "origin": [-3, 6, -6]},
			"faces": {
				"north": {"uv": [9.75, 10.5, 10, 11], "texture": "#0"},
				"east": {"uv": [9.5, 10.5, 9.75, 11], "texture": "#0"},
				"south": {"uv": [10.25, 10.5, 10.5, 11], "texture": "#0"},
				"west": {"uv": [10, 10.5, 10.25, 11], "texture": "#0"},
				"up": {"uv": [10, 10.5, 9.75, 10.25], "texture": "#0"},
				"down": {"uv": [10.25, 10.25, 10, 10.5], "texture": "#0"}
			}
		}
	],
	"display": {
		"head": {
			"translation": [25.5, -16.75, 43],
			"scale": [4, 4, 4]
		}
	},
	"groups": [
		{
			"name": "rightarm",
			"origin": [-2, 8, -4],
			"color": 0,
			"children": [0, 1]
		}
	]
}