{
	"format_version": "1.21.6",
	"credit": "Made with Blockbench",
	"texture_size": [64, 64],
	"textures": {
		"0": "item/yoshi",
		"particle": "item/yoshi"
	},
	"elements": [
		{
			"from": [-2, 2, -3],
			"to": [0, 3, -1],
			"rotation": {"angle": 0, "axis": "y", "origin": [-2, 4, -3]},
			"faces": {
				"north": {"uv": [9.5, 5.5, 10, 5.75], "texture": "#0"},
				"east": {"uv": [9, 5.5, 9.5, 5.75], "texture": "#0"},
				"south": {"uv": [10.5, 5.5, 11, 5.75], "texture": "#0"},
				"west": {"uv": [10, 5.5, 10.5, 5.75], "texture": "#0"},
				"up": {"uv": [10, 5.5, 9.5, 5], "texture": "#0"},
				"down": {"uv": [10.5, 5, 10, 5.5], "texture": "#0"}
			}
		},
		{
			"from": [-2, 3, -4],
			"to": [0, 6, 0],
			"rotation": {"angle": 0, "axis": "y", "origin": [-2, 6, -3]},
			"faces": {
				"north": {"uv": [4, 7.75, 4.5, 8.5], "texture": "#0"},
				"east": {"uv": [3, 7.75, 4, 8.5], "texture": "#0"},
				"south": {"uv": [5.5, 7.75, 6, 8.5], "texture": "#0"},
				"west": {"uv": [4.5, 7.75, 5.5, 8.5], "texture": "#0"},
				"up": {"uv": [4.5, 7.75, 4, 6.75], "texture": "#0"},
				"down": {"uv": [5, 6.75, 4.5, 7.75], "texture": "#0"}
			}
		},
		{
			"from": [-2, 0, -5],
			"to": [0, 2, -1],
			"rotation": {"angle": 0, "axis": "y", "origin": [-2, 4, -3]},
			"faces": {
				"north": {"uv": [7, 7.75, 7.5, 8.25], "texture": "#0"},
				"east": {"uv": [6, 7.75, 7, 8.25], "texture": "#0"},
				"south": {"uv": [8.5, 7.75, 9, 8.25], "texture": "#0"},
				"west": {"uv": [7.5, 7.75, 8.5, 8.25], "texture": "#0"},
				"up": {"uv": [7.5, 7.75, 7, 6.75], "texture": "#0"},
				"down": {"uv": [8, 6.75, 7.5, 7.75], "texture": "#0"}
			}
		}
	],
	"display": {
		"head": {
			"translation": [29.75, -7, 38],
			"scale": [4, 4, 4]
		}
	},
	"groups": [
		{
			"name": "righ_leg",
			"origin": [0, 4, -6],
			"color": 0,
			"children": [0, 1, 2]
		}
	]
}