{
	"format_version": "1.9.0",
	"credit": "Made with Blockbench",
	"texture_size": [64, 64],
	"textures": {
		"0": "item/elite_helmet_texture",
		"particle": "item/elite_helmet_texture"
	},
	"elements": [
		{
			"name": "elite_helmet_base",
			"from": [3, 25, 3],
			"to": [13, 28, 13],
			"rotation": {"angle": 0, "axis": "y", "origin": [8, 26.5, 8]},
			"faces": {
				"north": {"uv": [2.5, 2.5, 5, 3.25], "texture": "#0"},
				"east": {"uv": [0, 2.5, 2.5, 3.25], "texture": "#0"},
				"south": {"uv": [7.5, 2.5, 10, 3.25], "texture": "#0"},
				"west": {"uv": [5, 2.5, 7.5, 3.25], "texture": "#0"},
				"up": {"uv": [5, 2.5, 2.5, 0], "texture": "#0"},
				"down": {"uv": [7.5, 0, 5, 2.5], "texture": "#0"}
			}
		},
		{
			"name": "pic1",
			"from": [3, 28, 3],
			"to": [4, 30, 4],
			"rotation": {"angle": 0, "axis": "y", "origin": [4, 29, 4]},
			"faces": {
				"north": {"uv": [1.75, 3.5, 2, 4], "texture": "#0"},
				"east": {"uv": [1.5, 3.5, 1.75, 4], "texture": "#0"},
				"south": {"uv": [2.25, 3.5, 2.5, 4], "texture": "#0"},
				"west": {"uv": [2, 3.5, 2.25, 4], "texture": "#0"},
				"up": {"uv": [2, 3.5, 1.75, 3.25], "texture": "#0"},
				"down": {"uv": [2.25, 3.25, 2, 3.5], "texture": "#0"}
			}
		},
		{
			"name": "pic2",
			"from": [3, 28, 12],
			"to": [4, 30, 13],
			"rotation": {"angle": 0, "axis": "y", "origin": [4, 29, 13]},
			"faces": {
				"north": {"uv": [2.75, 3.5, 3, 4], "texture": "#0"},
				"east": {"uv": [2.5, 3.5, 2.75, 4], "texture": "#0"},
				"south": {"uv": [3.25, 3.5, 3.5, 4], "texture": "#0"},
				"west": {"uv": [3, 3.5, 3.25, 4], "texture": "#0"},
				"up": {"uv": [3, 3.5, 2.75, 3.25], "texture": "#0"},
				"down": {"uv": [3.25, 3.25, 3, 3.5], "texture": "#0"}
			}
		},
		{
			"name": "pic3",
			"from": [12, 28, 12],
			"to": [13, 30, 13],
			"rotation": {"angle": 0, "axis": "y", "origin": [13, 29, 13]},
			"faces": {
				"north": {"uv": [3.75, 3.5, 4, 4], "texture": "#0"},
				"east": {"uv": [3.5, 3.5, 3.75, 4], "texture": "#0"},
				"south": {"uv": [4.25, 3.5, 4.5, 4], "texture": "#0"},
				"west": {"uv": [4, 3.5, 4.25, 4], "texture": "#0"},
				"up": {"uv": [4, 3.5, 3.75, 3.25], "texture": "#0"},
				"down": {"uv": [4.25, 3.25, 4, 3.5], "texture": "#0"}
			}
		},
		{
			"name": "pic4",
			"from": [12, 28, 3],
			"to": [13, 30, 4],
			"rotation": {"angle": 0, "axis": "y", "origin": [13, 29, 4]},
			"faces": {
				"north": {"uv": [0.25, 4.25, 0.5, 4.75], "texture": "#0"},
				"east": {"uv": [0, 4.25, 0.25, 4.75], "texture": "#0"},
				"south": {"uv": [0.75, 4.25, 1, 4.75], "texture": "#0"},
				"west": {"uv": [0.5, 4.25, 0.75, 4.75], "texture": "#0"},
				"up": {"uv": [0.5, 4.25, 0.25, 4], "texture": "#0"},
				"down": {"uv": [0.75, 4, 0.5, 4.25], "texture": "#0"}
			}
		},
		{
			"name": "pic5",
			"from": [7, 28, 3],
			"to": [9, 30, 4],
			"rotation": {"angle": 0, "axis": "y", "origin": [8, 29, 4]},
			"faces": {
				"north": {"uv": [0.25, 3.5, 0.75, 4], "texture": "#0"},
				"east": {"uv": [0, 3.5, 0.25, 4], "texture": "#0"},
				"south": {"uv": [1, 3.5, 1.5, 4], "texture": "#0"},
				"west": {"uv": [0.75, 3.5, 1, 4], "texture": "#0"},
				"up": {"uv": [0.75, 3.5, 0.25, 3.25], "texture": "#0"},
				"down": {"uv": [1.25, 3.25, 0.75, 3.5], "texture": "#0"}
			}
		}
	],
	"display": {
		"head": {
			"translation": [0, -10.75, 0],
			"scale": [1.5, 1, 1.5]
		}
	},
	"groups": [
		{
			"name": "elite_helmet",
			"origin": [8, 24, 8],
			"color": 0,
			"children": [0, 1, 2, 3, 4, 5]
		}
	]
}