{
	"format_version": "1.21.6",
	"credit": "Made with Blockbench",
	"texture_size": [64, 64],
	"textures": {
		"1": "item/jopawhat_texture",
		"particle": "item/jopawhat_texture"
	},
	"elements": [
		{
			"name": "hat_top",
			"from": [4, 1, 4],
			"to": [12, 11, 12],
			"rotation": {"angle": 0, "axis": "y", "origin": [8, 6, 8]},
			"faces": {
				"north": {"uv": [0, 5, 2, 7.5], "texture": "#1"},
				"east": {"uv": [4, 5, 6, 7.5], "texture": "#1"},
				"south": {"uv": [2, 5, 4, 7.5], "texture": "#1"},
				"west": {"uv": [6, 5, 8, 7.5], "texture": "#1"},
				"up": {"uv": [2, 3, 4, 5], "texture": "#1"},
				"down": {"uv": [4, 3, 6, 5], "texture": "#1"}
			}
		},
		{
			"name": "hat_base",
			"from": [3, 0, 3],
			"to": [13, 1, 13],
			"rotation": {"angle": 0, "axis": "y", "origin": [8, 0.5, 8]},
			"faces": {
				"north": {"uv": [5, 2.5, 7.5, 3], "texture": "#1"},
				"east": {"uv": [2.5, 2.5, 5, 3], "texture": "#1"},
				"south": {"uv": [0, 2.5, 2.5, 3], "texture": "#1"},
				"west": {"uv": [7.5, 2.5, 10, 3], "texture": "#1"},
				"up": {"uv": [5, 0, 7.5, 2.5], "texture": "#1"},
				"down": {"uv": [2.5, 0, 5, 2.5], "texture": "#1"}
			}
		}
	],
	"display": {
		"ground": {
			"translation": [0, 3.25, 0],
			"scale": [0.5, 0.5, 0.5]
		},
		"gui": {
			"rotation": [24, 133, 0],
			"translation": [0, 2, 0]
		},
		"head": {
			"rotation": [8, 0, 0],
			"translation": [0, 18, 2],
			"scale": [1.5, 1.59766, 1.5]
		},
		"fixed": {
			"translation": [0, 1.5, 0]
		}
	},
	"groups": [
		{
			"name": "jopawhat",
			"origin": [8, 3.25, 8],
			"color": 0,
			"children": [0, 1]
		}
	]
}