{
	"format_version": "1.21.6",
	"credit": "Made with Blockbench",
	"texture_size": [32, 32],
	"textures": {
		"0": "item/red_cap",
		"particle": "item/red_cap"
	},
	"elements": [
		{
			"name": "base",
			"from": [5, 1, 6],
			"to": [12, 4, 7],
			"rotation": {"angle": 0, "axis": "y", "origin": [5, 1, 6]},
			"faces": {
				"north": {"uv": [7, 4, 10.5, 5.5], "texture": "#0"},
				"east": {"uv": [1, 10, 1.5, 11.5], "texture": "#0"},
				"south": {"uv": [0, 8, 3.5, 9.5], "texture": "#0"},
				"west": {"uv": [1.5, 10, 2, 11.5], "texture": "#0"},
				"up": {"uv": [10.5, 6, 7, 5.5], "texture": "#0"},
				"down": {"uv": [7, 8, 3.5, 8.5], "texture": "#0"}
			}
		},
		{
			"from": [12, 0, 7],
			"to": [13, 4, 13],
			"rotation": {"angle": 0, "axis": "y", "origin": [12, 0, 7]},
			"faces": {
				"north": {"uv": [8.5, 9.5, 9, 11.5], "texture": "#0"},
				"east": {"uv": [3.5, 6, 6.5, 8], "texture": "#0"},
				"south": {"uv": [9, 9.5, 9.5, 11.5], "texture": "#0"},
				"west": {"uv": [6.5, 6, 9.5, 8], "texture": "#0"},
				"up": {"uv": [4, 12.5, 3.5, 9.5], "texture": "#0"},
				"down": {"uv": [4.5, 9.5, 4, 12.5], "texture": "#0"}
			}
		},
		{
			"from": [4, 0, 7],
			"to": [5, 4, 13],
			"rotation": {"angle": 0, "axis": "y", "origin": [4, 0, 7]},
			"faces": {
				"north": {"uv": [9.5, 9.5, 10, 11.5], "texture": "#0"},
				"east": {"uv": [7, 0, 10, 2], "texture": "#0"},
				"south": {"uv": [0, 10, 0.5, 12], "texture": "#0"},
				"west": {"uv": [7, 2, 10, 4], "texture": "#0"},
				"up": {"uv": [5, 12.5, 4.5, 9.5], "texture": "#0"},
				"down": {"uv": [5.5, 9.5, 5, 12.5], "texture": "#0"}
			}
		},
		{
			"from": [5, 0, 13],
			"to": [12, 4, 14],
			"rotation": {"angle": 0, "axis": "y", "origin": [5, 0, 13]},
			"faces": {
				"north": {"uv": [3.5, 0, 7, 2], "texture": "#0"},
				"east": {"uv": [10, 0, 10.5, 2], "texture": "#0"},
				"south": {"uv": [3.5, 2, 7, 4], "texture": "#0"},
				"west": {"uv": [0.5, 10, 1, 12], "texture": "#0"},
				"up": {"uv": [10.5, 8.5, 7, 8], "texture": "#0"},
				"down": {"uv": [7, 8.5, 3.5, 9], "texture": "#0"}
			}
		},
		{
			"from": [5, 0, 3],
			"to": [12, 1, 7],
			"rotation": {"angle": 0, "axis": "y", "origin": [5, 0, 3]},
			"faces": {
				"north": {"uv": [7, 8.5, 10.5, 9], "texture": "#0"},
				"east": {"uv": [9.5, 6.5, 11.5, 7], "texture": "#0"},
				"south": {"uv": [3.5, 9, 7, 9.5], "texture": "#0"},
				"west": {"uv": [9.5, 7, 11.5, 7.5], "texture": "#0"},
				"up": {"uv": [7, 6, 3.5, 4], "texture": "#0"},
				"down": {"uv": [3.5, 6, 0, 8], "texture": "#0"}
			}
		},
		{
			"from": [5, 4, 7],
			"to": [12, 5, 13],
			"rotation": {"angle": 0, "axis": "y", "origin": [5, 4, 7]},
			"faces": {
				"north": {"uv": [7, 9, 10.5, 9.5], "texture": "#0"},
				"east": {"uv": [5.5, 9.5, 8.5, 10], "texture": "#0"},
				"south": {"uv": [0, 9.5, 3.5, 10], "texture": "#0"},
				"west": {"uv": [9.5, 6, 12.5, 6.5], "texture": "#0"},
				"up": {"uv": [3.5, 3, 0, 0], "texture": "#0"},
				"down": {"uv": [3.5, 3, 0, 6], "texture": "#0"}
			}
		},
		{
			"from": [8, 4.5, 9],
			"to": [9, 5.5, 10],
			"rotation": {"angle": 0, "axis": "y", "origin": [8, 5, 9]},
			"faces": {
				"north": {"uv": [9.5, 7.5, 10, 8], "texture": "#0"},
				"east": {"uv": [2, 10, 2.5, 10.5], "texture": "#0"},
				"south": {"uv": [10, 2, 10.5, 2.5], "texture": "#0"},
				"west": {"uv": [2.5, 10, 3, 10.5], "texture": "#0"},
				"up": {"uv": [10.5, 3, 10, 2.5], "texture": "#0"},
				"down": {"uv": [3.5, 10, 3, 10.5], "texture": "#0"}
			}
		}
	],
	"display": {
		"gui": {
			"rotation": [28, 150, 0],
			"translation": [0, 4.25, 0]
		},
		"head": {
			"rotation": [10, 0, 0],
			"translation": [-1, 19.25, -1],
			"scale": [1.72, 1.74, 2]
		},
		"fixed": {
			"translation": [-0.5, 3, 0]
		}
	},
	"groups": [
		{
			"name": "baseballcap",
			"origin": [8, 8, 8],
			"color": 0,
			"children": [0, 1, 2, 3, 4, 5, 6]
		}
	]
}