{
	"format_version": "1.21.6",
	"credit": "Made with Blockbench",
	"texture_size": [64, 64],
	"textures": {
		"0": "item/grounded_pumpkin",
		"particle": "item/grounded_pumpkin"
	},
	"elements": [
		{
			"from": [6, 0, 6],
			"to": [10, 8, 10],
			"rotation": {"angle": 0, "axis": "y", "origin": [10, 0, 7]},
			"faces": {
				"north": {"uv": [4.5, 6, 5.5, 8], "texture": "#0"},
				"east": {"uv": [0, 6.5, 1, 8.5], "texture": "#0"},
				"south": {"uv": [1, 6.5, 2, 8.5], "texture": "#0"},
				"west": {"uv": [2, 6.5, 3, 8.5], "texture": "#0"},
				"up": {"uv": [8.5, 7.5, 7.5, 6.5], "texture": "#0"},
				"down": {"uv": [8.5, 7.5, 7.5, 8.5], "texture": "#0"}
			}
		},
		{
			"from": [4, 1, 5],
			"to": [12, 7, 11],
			"rotation": {"angle": 0, "axis": "y", "origin": [5, 0, 7]},
			"faces": {
				"north": {"uv": [0, 0, 2, 1.5], "texture": "#0"},
				"east": {"uv": [5.5, 2, 7, 3.5], "texture": "#0"},
				"south": {"uv": [0, 1.5, 2, 3], "texture": "#0"},
				"west": {"uv": [5.5, 3.5, 7, 5], "texture": "#0"},
				"up": {"uv": [4, 1.5, 2, 0], "texture": "#0"},
				"down": {"uv": [4, 1.5, 2, 3], "texture": "#0"}
			}
		},
		{
			"from": [5, 1, 4],
			"to": [11, 7, 12],
			"rotation": {"angle": 0, "axis": "y", "origin": [5, 0, 14]},
			"faces": {
				"north": {"uv": [5.5, 5, 7, 6.5], "texture": "#0"},
				"east": {"uv": [0, 3, 2, 4.5], "texture": "#0"},
				"south": {"uv": [3, 6, 4.5, 7.5], "texture": "#0"},
				"west": {"uv": [2, 3, 4, 4.5], "texture": "#0"},
				"up": {"uv": [5.5, 2, 4, 0], "texture": "#0"},
				"down": {"uv": [5.5, 2, 4, 4], "texture": "#0"}
			}
		},
		{
			"from": [6, 0, 5],
			"to": [10, 8, 11],
			"rotation": {"angle": 0, "axis": "y", "origin": [10, 0, 7]},
			"faces": {
				"north": {"uv": [5.5, 6.5, 6.5, 8.5], "texture": "#0"},
				"east": {"uv": [4, 4, 5.5, 6], "texture": "#0"},
				"south": {"uv": [6.5, 6.5, 7.5, 8.5], "texture": "#0"},
				"west": {"uv": [0, 4.5, 1.5, 6.5], "texture": "#0"},
				"up": {"uv": [4, 6, 3, 4.5], "texture": "#0"},
				"down": {"uv": [8, 4, 7, 5.5], "texture": "#0"}
			}
		},
		{
			"from": [5, 0, 6],
			"to": [11, 8, 10],
			"rotation": {"angle": 0, "axis": "y", "origin": [6, 0, 7]},
			"faces": {
				"north": {"uv": [1.5, 4.5, 3, 6.5], "texture": "#0"},
				"east": {"uv": [7, 0, 8, 2], "texture": "#0"},
				"south": {"uv": [5.5, 0, 7, 2], "texture": "#0"},
				"west": {"uv": [7, 2, 8, 4], "texture": "#0"},
				"up": {"uv": [8.5, 6.5, 7, 5.5], "texture": "#0"},
				"down": {"uv": [4.5, 7.5, 3, 8.5], "texture": "#0"}
			}
		},
		{
			"from": [7, 8, 7],
			"to": [9, 9, 9],
			"rotation": {"angle": 0, "axis": "y", "origin": [7, 7, 7]},
			"faces": {
				"north": {"uv": [8, 4, 8.5, 4.25], "texture": "#0"},
				"east": {"uv": [8, 4.25, 8.5, 4.5], "texture": "#0"},
				"south": {"uv": [4.5, 8, 5, 8.25], "texture": "#0"},
				"west": {"uv": [8, 4.5, 8.5, 4.75], "texture": "#0"},
				"up": {"uv": [8.5, 0.5, 8, 0], "texture": "#0"},
				"down": {"uv": [8.5, 0.5, 8, 1], "texture": "#0"}
			}
		},
		{
			"from": [7.5, 9, 7.5],
			"to": [8.5, 11, 8.5],
			"rotation": {"angle": 0, "axis": "y", "origin": [7, 8, 7]},
			"faces": {
				"north": {"uv": [8, 4.75, 8.25, 5.25], "texture": "#0"},
				"east": {"uv": [5, 8, 5.25, 8.5], "texture": "#0"},
				"south": {"uv": [5.25, 8, 5.5, 8.5], "texture": "#0"},
				"west": {"uv": [8.25, 1, 8.5, 1.5], "texture": "#0"},
				"up": {"uv": [8.5, 3, 8.25, 2.75], "texture": "#0"},
				"down": {"uv": [8.5, 3, 8.25, 3.25], "texture": "#0"}
			}
		},
		{
			"from": [8.5, 10, 7.5],
			"to": [9.5, 13, 8.5],
			"rotation": {"angle": 0, "axis": "y", "origin": [7, 9, 7]},
			"faces": {
				"north": {"uv": [8, 1, 8.25, 1.75], "texture": "#0"},
				"east": {"uv": [8, 1.75, 8.25, 2.5], "texture": "#0"},
				"south": {"uv": [8, 2.5, 8.25, 3.25], "texture": "#0"},
				"west": {"uv": [8, 3.25, 8.25, 4], "texture": "#0"},
				"up": {"uv": [8.5, 3.5, 8.25, 3.25], "texture": "#0"},
				"down": {"uv": [8.5, 3.5, 8.25, 3.75], "texture": "#0"}
			}
		},
		{
			"from": [9.5, 12, 6.5],
			"to": [10.5, 12, 8.5],
			"rotation": {"angle": 45, "axis": "y", "origin": [9, 9, 9]},
			"faces": {
				"north": {"uv": [0, 0, 0.25, 0], "texture": "#0"},
				"east": {"uv": [0, 0, 0.5, 0], "texture": "#0"},
				"south": {"uv": [0, 0, 0.25, 0], "texture": "#0"},
				"west": {"uv": [0, 0, 0.5, 0], "texture": "#0"},
				"up": {"uv": [8.5, 2, 8.25, 1.5], "texture": "#0"},
				"down": {"uv": [8.5, 2, 8.25, 2.5], "texture": "#0"}
			}
		},
		{
			"from": [8.5, 12, 8.5],
			"to": [10.5, 12, 9.5],
			"rotation": {"angle": 45, "axis": "y", "origin": [8, 9, 8]},
			"faces": {
				"north": {"uv": [0, 0, 0.5, 0], "texture": "#0"},
				"east": {"uv": [0, 0, 0.25, 0], "texture": "#0"},
				"south": {"uv": [0, 0, 0.5, 0], "texture": "#0"},
				"west": {"uv": [0, 0, 0.25, 0], "texture": "#0"},
				"up": {"uv": [8.5, 5.5, 8, 5.25], "texture": "#0"},
				"down": {"uv": [8.75, 2.5, 8.25, 2.75], "texture": "#0"}
			}
		}
	],
	"display": {
		"head": {
			"rotation": [0, 21, 0],
			"translation": [0, -27.75, 0],
			"scale": [2, 2, 2]
		}
	},
	"groups": [
		{
			"name": "group",
			"origin": [8, 8, 8],
			"color": 0,
			"children": [0, 1, 2, 3, 4]
		},
		5,
		6,
		7,
		8,
		9
	]
}