{
	"format_version": "1.21.6",
	"credit": "Made with Blockbench",
	"texture_size": [64, 64],
	"textures": {
		"1": "item/knight_helmet"
	},
	"elements": [
		{
			"from": [7, 3, 4],
			"to": [9, 6, 4],
			"rotation": {"angle": 0, "axis": "y", "origin": [7, 3, 4]},
			"faces": {
				"north": {"uv": [6, 3, 6.5, 3.75], "texture": "#1"},
				"east": {"uv": [0, 0, 0, 0.75], "texture": "#1"},
				"south": {"uv": [6, 6.25, 6.5, 7], "texture": "#1"},
				"west": {"uv": [0, 0, 0, 0.75], "texture": "#1"},
				"up": {"uv": [0.5, 0, 0, 0], "texture": "#1"},
				"down": {"uv": [0.5, 0, 0, 0], "texture": "#1"}
			}
		},
		{
			"from": [7, 6, 4],
			"to": [9, 9, 5],
			"rotation": {"angle": 0, "axis": "y", "origin": [7, 3, 5]},
			"faces": {
				"north": {"uv": [0.5, 6.5, 1, 7.25], "texture": "#1"},
				"east": {"uv": [6.75, 5.75, 7, 6.5], "texture": "#1"},
				"south": {"uv": [6.5, 0.75, 7, 1.5], "texture": "#1"},
				"west": {"uv": [6.75, 6.5, 7, 7.25], "texture": "#1"},
				"up": {"uv": [2, 5.5, 1.5, 5.25], "texture": "#1"},
				"down": {"uv": [6.75, 7, 6.25, 7.25], "texture": "#1"}
			}
		},
		{
			"from": [7, 2, 15],
			"to": [9, 9, 16],
			"rotation": {"angle": 0, "axis": "y", "origin": [7, 3, 16]},
			"faces": {
				"north": {"uv": [5, 5, 5.5, 6.5], "texture": "#1"},
				"east": {"uv": [1, 6.5, 1.25, 8], "texture": "#1"},
				"south": {"uv": [0, 5.25, 0.5, 6.75], "texture": "#1"},
				"west": {"uv": [1.25, 6.5, 1.5, 8], "texture": "#1"},
				"up": {"uv": [7.5, 6.75, 7, 6.5], "texture": "#1"},
				"down": {"uv": [7.5, 6.75, 7, 7], "texture": "#1"}
			}
		},
		{
			"from": [2, 5, 14],
			"to": [3, 7, 15],
			"rotation": {"angle": 0, "axis": "y", "origin": [2, 3, 15]},
			"faces": {
				"north": {"uv": [7, 7, 7.25, 7.5], "texture": "#1"},
				"east": {"uv": [0.5, 7.25, 0.75, 7.75], "texture": "#1"},
				"south": {"uv": [7.25, 0.5, 7.5, 1], "texture": "#1"},
				"west": {"uv": [0.75, 7.25, 1, 7.75], "texture": "#1"},
				"up": {"uv": [6.75, 3.75, 6.5, 3.5], "texture": "#1"},
				"down": {"uv": [7.5, 6.25, 7.25, 6.5], "texture": "#1"}
			}
		},
		{
			"from": [13, 5, 14],
			"to": [14, 7, 15],
			"rotation": {"angle": 0, "axis": "y", "origin": [13, 3, 15]},
			"faces": {
				"north": {"uv": [7.25, 1.5, 7.5, 2], "texture": "#1"},
				"east": {"uv": [7.25, 2, 7.5, 2.5], "texture": "#1"},
				"south": {"uv": [7.25, 3.5, 7.5, 4], "texture": "#1"},
				"west": {"uv": [7.25, 5.75, 7.5, 6.25], "texture": "#1"},
				"up": {"uv": [1, 8, 0.75, 7.75], "texture": "#1"},
				"down": {"uv": [8, 1, 7.75, 1.25], "texture": "#1"}
			}
		},
		{
			"from": [9, 5, 15],
			"to": [13, 7, 16],
			"rotation": {"angle": 0, "axis": "y", "origin": [12, 3, 16]},
			"faces": {
				"north": {"uv": [3, 5.5, 4, 6], "texture": "#1"},
				"east": {"uv": [6.25, 7.25, 6.5, 7.75], "texture": "#1"},
				"south": {"uv": [5.5, 5.75, 6.5, 6.25], "texture": "#1"},
				"west": {"uv": [6.5, 7.25, 6.75, 7.75], "texture": "#1"},
				"up": {"uv": [1.5, 5.5, 0.5, 5.25], "texture": "#1"},
				"down": {"uv": [7.5, 2.5, 6.5, 2.75], "texture": "#1"}
			}
		},
		{
			"from": [3, 5, 15],
			"to": [7, 7, 16],
			"rotation": {"angle": 0, "axis": "y", "origin": [6, 3, 16]},
			"faces": {
				"north": {"uv": [0.5, 6, 1.5, 6.5], "texture": "#1"},
				"east": {"uv": [6.75, 7.25, 7, 7.75], "texture": "#1"},
				"south": {"uv": [1.5, 6, 2.5, 6.5], "texture": "#1"},
				"west": {"uv": [7.25, 7, 7.5, 7.5], "texture": "#1"},
				"up": {"uv": [7.5, 3.25, 6.5, 3], "texture": "#1"},
				"down": {"uv": [7.5, 3.25, 6.5, 3.5], "texture": "#1"}
			}
		},
		{
			"from": [4, 6, 4],
			"to": [7, 8, 5],
			"rotation": {"angle": 0, "axis": "y", "origin": [4, 3, 5]},
			"faces": {
				"north": {"uv": [6, 3.75, 6.75, 4.25], "texture": "#1"},
				"east": {"uv": [7.5, 0.5, 7.75, 1], "texture": "#1"},
				"south": {"uv": [1.5, 6.5, 2.25, 7], "texture": "#1"},
				"west": {"uv": [7.5, 1.5, 7.75, 2], "texture": "#1"},
				"up": {"uv": [7.25, 5, 6.5, 4.75], "texture": "#1"},
				"down": {"uv": [7.5, 4, 6.75, 4.25], "texture": "#1"}
			}
		},
		{
			"from": [9, 6, 4],
			"to": [12, 8, 5],
			"rotation": {"angle": 0, "axis": "y", "origin": [9, 3, 5]},
			"faces": {
				"north": {"uv": [6.5, 1.5, 7.25, 2], "texture": "#1"},
				"east": {"uv": [7.5, 2, 7.75, 2.5], "texture": "#1"},
				"south": {"uv": [6.5, 2, 7.25, 2.5], "texture": "#1"},
				"west": {"uv": [7.5, 3, 7.75, 3.5], "texture": "#1"},
				"up": {"uv": [7.75, 0.25, 7, 0], "texture": "#1"},
				"down": {"uv": [7.75, 0.25, 7, 0.5], "texture": "#1"}
			}
		},
		{
			"from": [2, 6, 6],
			"to": [3, 8, 14],
			"rotation": {"angle": 0, "axis": "y", "origin": [0, 3, 7]},
			"faces": {
				"north": {"uv": [7.5, 3.5, 7.75, 4], "texture": "#1"},
				"east": {"uv": [4.5, 0.75, 6.5, 1.25], "texture": "#1"},
				"south": {"uv": [4, 7.5, 4.25, 8], "texture": "#1"},
				"west": {"uv": [4.5, 1.25, 6.5, 1.75], "texture": "#1"},
				"up": {"uv": [2.75, 8, 2.5, 6], "texture": "#1"},
				"down": {"uv": [3, 6, 2.75, 8], "texture": "#1"}
			}
		},
		{
			"from": [13, 6, 6],
			"to": [14, 8, 14],
			"rotation": {"angle": 0, "axis": "y", "origin": [11, 3, 7]},
			"faces": {
				"north": {"uv": [4.25, 7.5, 4.5, 8], "texture": "#1"},
				"east": {"uv": [4.5, 1.75, 6.5, 2.25], "texture": "#1"},
				"south": {"uv": [4.5, 7.5, 4.75, 8], "texture": "#1"},
				"west": {"uv": [4.5, 2.25, 6.5, 2.75], "texture": "#1"},
				"up": {"uv": [3.25, 8, 3, 6], "texture": "#1"},
				"down": {"uv": [3.5, 6, 3.25, 8], "texture": "#1"}
			}
		},
		{
			"from": [7, 9, 5],
			"to": [9, 10, 15],
			"rotation": {"angle": 0, "axis": "y", "origin": [7, 6, 6]},
			"faces": {
				"north": {"uv": [7.25, 1, 7.75, 1.25], "texture": "#1"},
				"east": {"uv": [4.5, 2.75, 7, 3], "texture": "#1"},
				"south": {"uv": [7.25, 4.75, 7.75, 5], "texture": "#1"},
				"west": {"uv": [0.5, 5.5, 3, 5.75], "texture": "#1"},
				"up": {"uv": [4.5, 7.5, 4, 5], "texture": "#1"},
				"down": {"uv": [5, 5, 4.5, 7.5], "texture": "#1"}
			}
		},
		{
			"from": [3, 6, 5],
			"to": [13, 9, 6],
			"rotation": {"angle": 0, "axis": "y", "origin": [5, 6, 5]},
			"faces": {
				"north": {"uv": [4, 4.25, 6.5, 5], "texture": "#1"},
				"east": {"uv": [7, 0.5, 7.25, 1.25], "texture": "#1"},
				"south": {"uv": [4.5, 0, 7, 0.75], "texture": "#1"},
				"west": {"uv": [1.5, 7, 1.75, 7.75], "texture": "#1"},
				"up": {"uv": [8, 5.25, 5.5, 5], "texture": "#1"},
				"down": {"uv": [8, 5.25, 5.5, 5.5], "texture": "#1"}
			}
		},
		{
			"from": [3, 2, 14],
			"to": [13, 9, 15],
			"rotation": {"angle": 0, "axis": "y", "origin": [5, 6, 14]},
			"faces": {
				"north": {"uv": [2, 0, 4.5, 1.5], "texture": "#1"},
				"east": {"uv": [2.25, 6.5, 2.5, 8], "texture": "#1"},
				"south": {"uv": [2, 1.5, 4.5, 3], "texture": "#1"},
				"west": {"uv": [5, 6.5, 5.25, 8], "texture": "#1"},
				"up": {"uv": [8, 5.75, 5.5, 5.5], "texture": "#1"},
				"down": {"uv": [3, 5.75, 0.5, 6], "texture": "#1"}
			}
		},
		{
			"from": [3, 4, 5],
			"to": [4, 6, 6],
			"rotation": {"angle": 0, "axis": "y", "origin": [-4, 3, 5]},
			"faces": {
				"north": {"uv": [4.75, 7.5, 5, 8], "texture": "#1"},
				"east": {"uv": [7.5, 5.75, 7.75, 6.25], "texture": "#1"},
				"south": {"uv": [7.5, 6.25, 7.75, 6.75], "texture": "#1"},
				"west": {"uv": [7.5, 6.75, 7.75, 7.25], "texture": "#1"},
				"up": {"uv": [8, 1.5, 7.75, 1.25], "texture": "#1"},
				"down": {"uv": [1.75, 7.75, 1.5, 8], "texture": "#1"}
			}
		},
		{
			"from": [3, 4, 6],
			"to": [4, 9, 14],
			"rotation": {"angle": 0, "axis": "y", "origin": [-4, 3, 6]},
			"faces": {
				"north": {"uv": [5.25, 6.5, 5.5, 7.75], "texture": "#1"},
				"east": {"uv": [2, 3, 4, 4.25], "texture": "#1"},
				"south": {"uv": [6.5, 5.75, 6.75, 7], "texture": "#1"},
				"west": {"uv": [0, 4, 2, 5.25], "texture": "#1"},
				"up": {"uv": [3.75, 8, 3.5, 6], "texture": "#1"},
				"down": {"uv": [4, 6, 3.75, 8], "texture": "#1"}
			}
		},
		{
			"from": [4, 9, 6],
			"to": [12, 9, 14],
			"rotation": {"angle": 0, "axis": "y", "origin": [-3, 8, 6]},
			"faces": {
				"north": {"uv": [0, 0, 2, 0], "texture": "#1"},
				"east": {"uv": [0, 0, 2, 0], "texture": "#1"},
				"south": {"uv": [0, 0, 2, 0], "texture": "#1"},
				"west": {"uv": [0, 0, 2, 0], "texture": "#1"},
				"up": {"uv": [2, 2, 0, 0], "texture": "#1"},
				"down": {"uv": [2, 2, 0, 4], "texture": "#1"}
			}
		},
		{
			"from": [12, 4, 6],
			"to": [13, 9, 14],
			"rotation": {"angle": 0, "axis": "y", "origin": [5, 3, 6]},
			"faces": {
				"north": {"uv": [0, 6.75, 0.25, 8], "texture": "#1"},
				"east": {"uv": [4, 3, 6, 4.25], "texture": "#1"},
				"south": {"uv": [0.25, 6.75, 0.5, 8], "texture": "#1"},
				"west": {"uv": [2, 4.25, 4, 5.5], "texture": "#1"},
				"up": {"uv": [5.75, 8.25, 5.5, 6.25], "texture": "#1"},
				"down": {"uv": [6, 6.25, 5.75, 8.25], "texture": "#1"}
			}
		},
		{
			"from": [12, 3, 11],
			"to": [13, 4, 14],
			"rotation": {"angle": 0, "axis": "y", "origin": [5, -2, 6]},
			"faces": {
				"north": {"uv": [7.75, 1.5, 8, 1.75], "texture": "#1"},
				"east": {"uv": [7, 1.25, 7.75, 1.5], "texture": "#1"},
				"south": {"uv": [1.75, 7.75, 2, 8], "texture": "#1"},
				"west": {"uv": [7, 2.75, 7.75, 3], "texture": "#1"},
				"up": {"uv": [2, 7.75, 1.75, 7], "texture": "#1"},
				"down": {"uv": [2.25, 7, 2, 7.75], "texture": "#1"}
			}
		},
		{
			"from": [3, 3, 11],
			"to": [4, 4, 14],
			"rotation": {"angle": 0, "axis": "y", "origin": [-4, -2, 6]},
			"faces": {
				"north": {"uv": [7.75, 1.75, 8, 2], "texture": "#1"},
				"east": {"uv": [7, 4.25, 7.75, 4.5], "texture": "#1"},
				"south": {"uv": [2, 7.75, 2.25, 8], "texture": "#1"},
				"west": {"uv": [7, 4.5, 7.75, 4.75], "texture": "#1"},
				"up": {"uv": [7.25, 6.5, 7, 5.75], "texture": "#1"},
				"down": {"uv": [6.25, 7, 6, 7.75], "texture": "#1"}
			}
		},
		{
			"from": [7, 4, 5],
			"to": [9, 6, 6],
			"rotation": {"angle": 0, "axis": "y", "origin": [0, 3, 5]},
			"faces": {
				"north": {"uv": [6.5, 4.25, 7, 4.75], "texture": "#1"},
				"east": {"uv": [7, 7.5, 7.25, 8], "texture": "#1"},
				"south": {"uv": [6.75, 3.5, 7.25, 4], "texture": "#1"},
				"west": {"uv": [7.25, 7.5, 7.5, 8], "texture": "#1"},
				"up": {"uv": [8, 2.75, 7.5, 2.5], "texture": "#1"},
				"down": {"uv": [8, 4, 7.5, 4.25], "texture": "#1"}
			}
		},
		{
			"from": [12, 4, 5],
			"to": [13, 6, 6],
			"rotation": {"angle": 0, "axis": "y", "origin": [5, 3, 5]},
			"faces": {
				"north": {"uv": [7.5, 7.25, 7.75, 7.75], "texture": "#1"},
				"east": {"uv": [7.75, 0, 8, 0.5], "texture": "#1"},
				"south": {"uv": [0.5, 7.75, 0.75, 8.25], "texture": "#1"},
				"west": {"uv": [7.75, 0.5, 8, 1], "texture": "#1"},
				"up": {"uv": [8, 2.25, 7.75, 2], "texture": "#1"},
				"down": {"uv": [8, 2.25, 7.75, 2.5], "texture": "#1"}
			}
		}
	],
	"display": {
		"gui": {
			"rotation": [31, 143, 0],
			"translation": [-1.5, 0.5, 0]
		},
		"head": {
			"translation": [0, 5, -2.5],
			"scale": [1.5, 1.5, 1.5]
		}
	},
	"groups": [
		{
			"name": "casque",
			"origin": [8, 8, 8],
			"color": 0,
			"children": [0, 1, 2, 3, 4, 5, 6, 7, 8, 9, 10, 11, 12, 13, 14, 15, 16, 17, 18, 19, 20, 21]
		}
	]
}