{
	"format_version": "1.21.6",
	"credit": "Made with Blockbench",
	"textures": {
		"0": "item/mario_cap2",
		"1": "item/mario_cap1",
		"particle": "item/mario_cap2"
	},
	"elements": [
		{
			"from": [4, 3, 2],
			"to": [12, 4, 12],
			"rotation": {"angle": 0, "axis": "y", "origin": [8, 3, 7.5]},
			"faces": {
				"north": {"uv": [0, 10, 4, 10.5], "texture": "#0"},
				"east": {"uv": [8, 9, 13, 9.5], "texture": "#0"},
				"south": {"uv": [4, 10, 8, 10.5], "texture": "#0"},
				"west": {"uv": [8, 9.5, 13, 10], "texture": "#0"},
				"up": {"uv": [4, 5, 0, 0], "texture": "#0"},
				"down": {"uv": [8, 0, 4, 5], "texture": "#0"}
			}
		},
		{
			"from": [4, 4, 4],
			"to": [12, 6, 12],
			"rotation": {"angle": 0, "axis": "y", "origin": [8, 4, 7.5]},
			"faces": {
				"north": {"uv": [8, 0, 16, 2], "texture": "#1"},
				"east": {"uv": [8, 2, 16, 4], "texture": "#1"},
				"south": {"uv": [8, 4, 16, 6], "texture": "#1"},
				"west": {"uv": [8, 6, 16, 8], "texture": "#1"},
				"up": {"uv": [8, 8, 0, 0], "texture": "#1"},
				"down": {"uv": [8, 8, 0, 16], "texture": "#1"}
			}
		},
		{
			"from": [5, 6, 4],
			"to": [11, 7, 11],
			"rotation": {"angle": 0, "axis": "y", "origin": [8, 6, 7.5]},
			"faces": {
				"north": {"uv": [3.5, 10.5, 6.5, 11], "texture": "#0"},
				"east": {"uv": [8, 10, 11.5, 10.5], "texture": "#0"},
				"south": {"uv": [6.5, 10.5, 9.5, 11], "texture": "#0"},
				"west": {"uv": [0, 10.5, 3.5, 11], "texture": "#0"},
				"up": {"uv": [11, 3.5, 8, 0], "texture": "#0"},
				"down": {"uv": [11, 3.5, 8, 7], "texture": "#0"}
			}
		}
	],
	"display": {
		"gui": {
			"rotation": [26, 146, 0],
			"translation": [0.75, 3.75, 0],
			"scale": [1.2, 1.2, 1.2]
		},
		"head": {
			"translation": [0, 10, 0],
			"scale": [1.63, 1.38, 1.74]
		}
	},
	"groups": [
		{
			"name": "mario_cap",
			"origin": [8, 8, 8],
			"color": 0,
			"children": []
		},
		0,
		1,
		2
	]
}