{"parent":"item/handheld","textures":{"layer0":"item/iron_sword"},"overrides":[{"predicate":{"custom_model_data":1},"model":"item/rpg/rogue_dagger/rogue_dagger_common"},{"predicate":{"custom_model_data":2},"model":"item/rpg/rogue_dagger/rogue_dagger_rare"},{"predicate":{"custom_model_data":3},"model":"item/rpg/rogue_dagger/rogue_dagger_epic"},{"predicate":{"custom_model_data":4},"model":"item/rpg/rogue_dagger/rogue_dagger_legendary"},{"predicate":{"custom_model_data":5},"model":"item/rpg/rogue_dagger/rogue_dagger_mythic"}]}