{"parent":"item/handheld","textures":{"layer0":"item/stick"},"overrides":[{"predicate":{"custom_model_data":1},"model":"item/rpg/sorcerer_wand/sorcerer_wand_common"},{"predicate":{"custom_model_data":2},"model":"item/rpg/sorcerer_wand/sorcerer_wand_rare"},{"predicate":{"custom_model_data":3},"model":"item/rpg/sorcerer_wand/sorcerer_wand_epic"},{"predicate":{"custom_model_data":4},"model":"item/rpg/sorcerer_wand/sorcerer_wand_legendary"},{"predicate":{"custom_model_data":5},"model":"item/rpg/sorcerer_wand/sorcerer_wand_mythic"}]}