{
	"format_version": "1.21.6",
	"credit": "Made with Blockbench",
	"texture_size": [64, 64],
	"textures": {
		"0": "item/butcher_knife",
		"particle": "item/butcher_knife"
	},
	"elements": [
		{
			"from": [8, -3, 7.5],
			"to": [10, 9, 8.5],
			"rotation": {"angle": 0, "axis": "y", "origin": [8, -3, 7]},
			"faces": {
				"north": {"uv": [0, 5.5, 0.5, 8.5], "texture": "#0"},
				"east": {"uv": [3.5, 5.5, 3.75, 8.5], "texture": "#0"},
				"south": {"uv": [0.5, 5.5, 1, 8.5], "texture": "#0"},
				"west": {"uv": [3.75, 5.5, 4, 8.5], "texture": "#0"},
				"up": {"uv": [6.5, 2.75, 6, 2.5], "texture": "#0"},
				"down": {"uv": [6.5, 2.75, 6, 3], "texture": "#0"}
			}
		},
		{
			"from": [9, -3, 7],
			"to": [11, 3, 9],
			"rotation": {"angle": 0, "axis": "y", "origin": [9, -3, 7]},
			"faces": {
				"north": {"uv": [4, 5.5, 4.5, 7], "texture": "#0"},
				"east": {"uv": [4.5, 5.5, 5, 7], "texture": "#0"},
				"south": {"uv": [5, 5.5, 5.5, 7], "texture": "#0"},
				"west": {"uv": [5.5, 5.5, 6, 7], "texture": "#0"},
				"up": {"uv": [6.5, 1, 6, 0.5], "texture": "#0"},
				"down": {"uv": [6.5, 1, 6, 1.5], "texture": "#0"}
			}
		},
		{
			"from": [8, 8, 7],
			"to": [10, 16, 9],
			"rotation": {"angle": 0, "axis": "y", "origin": [8, 8, 7]},
			"faces": {
				"north": {"uv": [1.5, 5.5, 2, 7.5], "texture": "#0"},
				"east": {"uv": [2, 5.5, 2.5, 7.5], "texture": "#0"},
				"south": {"uv": [2.5, 5.5, 3, 7.5], "texture": "#0"},
				"west": {"uv": [3, 5.5, 3.5, 7.5], "texture": "#0"},
				"up": {"uv": [6.5, 2, 6, 1.5], "texture": "#0"},
				"down": {"uv": [6.5, 2, 6, 2.5], "texture": "#0"}
			}
		},
		{
			"from": [7, 10, 7.5],
			"to": [19, 32, 8.5],
			"rotation": {"angle": 0, "axis": "y", "origin": [9, 12, 8]},
			"faces": {
				"north": {"uv": [0, 0, 3, 5.5], "texture": "#0"},
				"east": {"uv": [1, 5.5, 1.25, 11], "texture": "#0"},
				"south": {"uv": [3, 0, 6, 5.5], "texture": "#0"},
				"west": {"uv": [1.25, 5.5, 1.5, 11], "texture": "#0"},
				"up": {"uv": [9, 0.25, 6, 0], "texture": "#0"},
				"down": {"uv": [9, 0.25, 6, 0.5], "texture": "#0"}
			}
		}
	],
	"display": {
		"thirdperson_righthand": {
			"rotation": [0, 90, 0],
			"translation": [0, 1, 1.25],
			"scale": [0.75, 0.75, 0.75]
		},
		"gui": {
			"rotation": [-10, -172, 39],
			"translation": [0.25, -3.75, 0],
			"scale": [0.3, 0.3, 0.3]
		}
	},
	"groups": [
		{
			"name": "group",
			"origin": [8, 8, 8],
			"color": 0,
			"children": [0, 1, 2, 3]
		}
	]
}