{
	"format_version": "1.21.6",
	"credit": "Made with Blockbench",
	"texture_size": [32, 32],
	"textures": {
		"0": "item/knight_sword",
		"particle": "item/knight_sword"
	},
	"elements": [
		{
			"from": [8, 2, 7],
			"to": [9, 7, 8],
			"rotation": {"angle": 0, "axis": "y", "origin": [9, 3, 7]},
			"faces": {
				"north": {"uv": [4, 5, 4.5, 7.5], "texture": "#0"},
				"east": {"uv": [5, 4, 5.5, 6.5], "texture": "#0"},
				"south": {"uv": [4.5, 5, 5, 7.5], "texture": "#0"},
				"west": {"uv": [5.5, 4, 6, 6.5], "texture": "#0"},
				"up": {"uv": [7.5, 8, 7, 7.5], "texture": "#0"},
				"down": {"uv": [8, 7.5, 7.5, 8], "texture": "#0"}
			}
		},
		{
			"from": [7, 1, 7],
			"to": [10, 2, 8],
			"rotation": {"angle": 0, "axis": "y", "origin": [9, -2, 7]},
			"faces": {
				"north": {"uv": [6.5, 3, 8, 3.5], "texture": "#0"},
				"east": {"uv": [0, 8, 0.5, 8.5], "texture": "#0"},
				"south": {"uv": [6.5, 3.5, 8, 4], "texture": "#0"},
				"west": {"uv": [0.5, 8, 1, 8.5], "texture": "#0"},
				"up": {"uv": [6.5, 7, 5, 6.5], "texture": "#0"},
				"down": {"uv": [8, 6.5, 6.5, 7], "texture": "#0"}
			}
		},
		{
			"from": [7, 6, 7],
			"to": [10, 8, 8],
			"rotation": {"angle": 0, "axis": "y", "origin": [9, 7, 7]},
			"faces": {
				"north": {"uv": [5, 2, 6.5, 3], "texture": "#0"},
				"east": {"uv": [3.5, 6.5, 4, 7.5], "texture": "#0"},
				"south": {"uv": [5, 3, 6.5, 4], "texture": "#0"},
				"west": {"uv": [1.5, 7, 2, 8], "texture": "#0"},
				"up": {"uv": [1.5, 7.5, 0, 7], "texture": "#0"},
				"down": {"uv": [6.5, 7, 5, 7.5], "texture": "#0"}
			}
		},
		{
			"from": [6, 7, 8],
			"to": [11, 8, 9],
			"rotation": {"angle": 0, "axis": "y", "origin": [9, 7, 8]},
			"faces": {
				"north": {"uv": [6, 4, 8.5, 4.5], "texture": "#0"},
				"east": {"uv": [1, 8, 1.5, 8.5], "texture": "#0"},
				"south": {"uv": [6, 4.5, 8.5, 5], "texture": "#0"},
				"west": {"uv": [1.5, 8, 2, 8.5], "texture": "#0"},
				"up": {"uv": [8.5, 5.5, 6, 5], "texture": "#0"},
				"down": {"uv": [8.5, 5.5, 6, 6], "texture": "#0"}
			}
		},
		{
			"from": [6, 7, 6],
			"to": [11, 8, 7],
			"rotation": {"angle": 0, "axis": "y", "origin": [9, 7, 6]},
			"faces": {
				"north": {"uv": [6, 6, 8.5, 6.5], "texture": "#0"},
				"east": {"uv": [2, 8, 2.5, 8.5], "texture": "#0"},
				"south": {"uv": [0, 6.5, 2.5, 7], "texture": "#0"},
				"west": {"uv": [8, 3, 8.5, 3.5], "texture": "#0"},
				"up": {"uv": [9, 2.5, 6.5, 2], "texture": "#0"},
				"down": {"uv": [9, 2.5, 6.5, 3], "texture": "#0"}
			}
		},
		{
			"from": [4, 7, 7],
			"to": [13, 8, 8],
			"rotation": {"angle": 0, "axis": "y", "origin": [6, 7, 7]},
			"faces": {
				"north": {"uv": [5, 0, 9.5, 0.5], "texture": "#0"},
				"east": {"uv": [3.5, 8, 4, 8.5], "texture": "#0"},
				"south": {"uv": [5, 0.5, 9.5, 1], "texture": "#0"},
				"west": {"uv": [8, 3.5, 8.5, 4], "texture": "#0"},
				"up": {"uv": [9.5, 1.5, 5, 1], "texture": "#0"},
				"down": {"uv": [9.5, 1.5, 5, 2], "texture": "#0"}
			}
		},
		{
			"from": [7, 8, 7],
			"to": [10, 21, 8],
			"rotation": {"angle": 0, "axis": "y", "origin": [8, 8, 6]},
			"faces": {
				"north": {"uv": [0, 0, 1.5, 6.5], "texture": "#0"},
				"east": {"uv": [3, 0, 3.5, 6.5], "texture": "#0"},
				"south": {"uv": [1.5, 0, 3, 6.5], "texture": "#0"},
				"west": {"uv": [3.5, 0, 4, 6.5], "texture": "#0"},
				"up": {"uv": [8, 7.5, 6.5, 7], "texture": "#0"},
				"down": {"uv": [1.5, 7.5, 0, 8], "texture": "#0"}
			}
		},
		{
			"from": [8, 21, 7],
			"to": [10, 26, 8],
			"rotation": {"angle": 0, "axis": "y", "origin": [8, 19, 6]},
			"faces": {
				"north": {"uv": [4, 0, 5, 2.5], "texture": "#0"},
				"east": {"uv": [2.5, 6.5, 3, 9], "texture": "#0"},
				"south": {"uv": [4, 2.5, 5, 5], "texture": "#0"},
				"west": {"uv": [3, 6.5, 3.5, 9], "texture": "#0"},
				"up": {"uv": [4.5, 8, 3.5, 7.5], "texture": "#0"},
				"down": {"uv": [5.5, 7.5, 4.5, 8], "texture": "#0"}
			}
		},
		{
			"from": [9, 26, 7],
			"to": [10, 28, 8],
			"rotation": {"angle": 0, "axis": "y", "origin": [8, 24, 6]},
			"faces": {
				"north": {"uv": [2, 7, 2.5, 8], "texture": "#0"},
				"east": {"uv": [5.5, 7.5, 6, 8.5], "texture": "#0"},
				"south": {"uv": [6, 7.5, 6.5, 8.5], "texture": "#0"},
				"west": {"uv": [6.5, 7.5, 7, 8.5], "texture": "#0"},
				"up": {"uv": [4.5, 8.5, 4, 8], "texture": "#0"},
				"down": {"uv": [5, 8, 4.5, 8.5], "texture": "#0"}
			}
		}
	],
	"display": {
		"thirdperson_righthand": {
			"rotation": [0, -97, 0],
			"translation": [0, 2, 0.5]
		},
		"thirdperson_lefthand": {
			"rotation": [0, -97, 0],
			"translation": [0, 2, 0.5]
		},
		"firstperson_righthand": {
			"scale": [0, 0, 0]
		},
		"firstperson_lefthand": {
			"scale": [0, 0, 0]
		},
		"gui": {
			"rotation": [-21, -23, 0],
			"translation": [0, -3.75, 0],
			"scale": [0.6, 0.6, 0.6]
		}
	},
	"groups": [
		{
			"name": "group",
			"origin": [7, 0, 7],
			"color": 0,
			"children": [0, 1, 2, 3, 4, 5, 6, 7, 8]
		}
	]
}