{
	"format_version": "1.21.6",
	"credit": "Made with Blockbench",
	"texture_size": [64, 64],
	"textures": {
		"0": "item/witch_wand",
		"particle": "item/witch_wand"
	},
	"elements": [
		{
			"from": [7, -4, 7],
			"to": [9, 25, 9],
			"rotation": {"angle": 0, "axis": "y", "origin": [7, 0, 7]},
			"faces": {
				"north": {"uv": [0, 0, 0.5, 7.25], "texture": "#0"},
				"east": {"uv": [0.5, 0, 1, 7.25], "texture": "#0"},
				"south": {"uv": [1, 0, 1.5, 7.25], "texture": "#0"},
				"west": {"uv": [1.5, 0, 2, 7.25], "texture": "#0"},
				"up": {"uv": [5.75, 2.25, 5.25, 1.75], "texture": "#0"},
				"down": {"uv": [5.75, 2.25, 5.25, 2.75], "texture": "#0"}
			}
		},
		{
			"from": [6, -4, 7],
			"to": [7, 14, 9],
			"rotation": {"angle": 0, "axis": "y", "origin": [5, 0, 7]},
			"faces": {
				"north": {"uv": [3, 4.5, 3.25, 9], "texture": "#0"},
				"east": {"uv": [2, 0, 2.5, 4.5], "texture": "#0"},
				"south": {"uv": [3.25, 4.5, 3.5, 9], "texture": "#0"},
				"west": {"uv": [2.5, 0, 3, 4.5], "texture": "#0"},
				"up": {"uv": [5.5, 3.25, 5.25, 2.75], "texture": "#0"},
				"down": {"uv": [5.5, 3.25, 5.25, 3.75], "texture": "#0"}
			}
		},
		{
			"from": [9, -4, 7],
			"to": [10, 14, 9],
			"rotation": {"angle": 0, "axis": "y", "origin": [8, 0, 7]},
			"faces": {
				"north": {"uv": [3.5, 4.5, 3.75, 9], "texture": "#0"},
				"east": {"uv": [3, 0, 3.5, 4.5], "texture": "#0"},
				"south": {"uv": [3.75, 4.5, 4, 9], "texture": "#0"},
				"west": {"uv": [3.5, 0, 4, 4.5], "texture": "#0"},
				"up": {"uv": [5.5, 4.25, 5.25, 3.75], "texture": "#0"},
				"down": {"uv": [5.5, 4.25, 5.25, 4.75], "texture": "#0"}
			}
		},
		{
			"from": [7, -4, 9],
			"to": [9, 14, 10],
			"rotation": {"angle": 0, "axis": "y", "origin": [8, 0, 9]},
			"faces": {
				"north": {"uv": [4, 0, 4.5, 4.5], "texture": "#0"},
				"east": {"uv": [4, 4.5, 4.25, 9], "texture": "#0"},
				"south": {"uv": [4.5, 0, 5, 4.5], "texture": "#0"},
				"west": {"uv": [4.25, 4.5, 4.5, 9], "texture": "#0"},
				"up": {"uv": [5.75, 5, 5.25, 4.75], "texture": "#0"},
				"down": {"uv": [5.5, 5.25, 5, 5.5], "texture": "#0"}
			}
		},
		{
			"from": [7, -4, 6],
			"to": [9, 14, 7],
			"rotation": {"angle": 0, "axis": "y", "origin": [8, 0, 6]},
			"faces": {
				"north": {"uv": [2, 4.5, 2.5, 9], "texture": "#0"},
				"east": {"uv": [4.5, 4.5, 4.75, 9], "texture": "#0"},
				"south": {"uv": [2.5, 4.5, 3, 9], "texture": "#0"},
				"west": {"uv": [4.75, 4.5, 5, 9], "texture": "#0"},
				"up": {"uv": [5.75, 5.25, 5.25, 5], "texture": "#0"},
				"down": {"uv": [6, 0, 5.5, 0.25], "texture": "#0"}
			}
		},
		{
			"from": [7.5, 25, 7.5],
			"to": [8.5, 32, 8.5],
			"rotation": {"angle": 0, "axis": "y", "origin": [7, 14, 7]},
			"faces": {
				"north": {"uv": [5, 0, 5.25, 1.75], "texture": "#0"},
				"east": {"uv": [5, 1.75, 5.25, 3.5], "texture": "#0"},
				"south": {"uv": [5, 3.5, 5.25, 5.25], "texture": "#0"},
				"west": {"uv": [5.25, 0, 5.5, 1.75], "texture": "#0"},
				"up": {"uv": [5.75, 0.5, 5.5, 0.25], "texture": "#0"},
				"down": {"uv": [5.75, 0.5, 5.5, 0.75], "texture": "#0"}
			}
		},
		{
			"from": [7.5, 16.5, 6.5],
			"to": [8.5, 18.25, 7],
			"rotation": {"angle": 0, "axis": "y", "origin": [8, 17, 5]},
			"faces": {
				"north": {"uv": [6.25, 3.25, 6.5, 3.6875], "texture": "#0"},
				"east": {"uv": [6.5, 2, 6.625, 2.4375], "texture": "#0"},
				"south": {"uv": [5.875, 1, 6.125, 1.4375], "texture": "#0"},
				"west": {"uv": [7, 1.125, 7.125, 1.5625], "texture": "#0"},
				"up": {"uv": [6.5, 0.625, 6.75, 0.75], "texture": "#0"},
				"down": {"uv": [7.375, 0.25, 7.625, 0.375], "texture": "#0"}
			}
		}
	],
	"display": {
		"thirdperson_righthand": {
			"rotation": [-1, 0, 0],
			"translation": [0.25, 0, 1.5],
			"scale": [0.25, 0.33, 0.25]
		},
		"gui": {
			"rotation": [11, -180, 33],
			"translation": [-1.25, -2.75, 0],
			"scale": [0.5, 0.5, 0.5]
		}
	},
	"groups": [
		{
			"name": "group",
			"origin": [8, 8, 8],
			"color": 0,
			"children": [0, 1, 2, 3, 4, 5, 6]
		}
	]
}