{
  "parent": "item/generated",
  "textures": { "layer0": "item/bone" },
  "overrides": [
    { "predicate": { "custom_model_data": 1001 }, "model": "item/cosmetics/pets/yoshi/yoshi_body" },
    { "predicate": { "custom_model_data": 1002 }, "model": "item/cosmetics/pets/yoshi/yoshi_head" },
    { "predicate": { "custom_model_data": 1003 }, "model": "item/cosmetics/pets/yoshi/left_arm" },
    { "predicate": { "custom_model_data": 1004 }, "model": "item/cosmetics/pets/yoshi/right_arm" },
    { "predicate": { "custom_model_data": 1005 }, "model": "item/cosmetics/pets/yoshi/left_leg" },
    { "predicate": { "custom_model_data": 1006 }, "model": "item/cosmetics/pets/yoshi/right_leg" },
    { "predicate": { "custom_model_data": 1007 }, "model": "item/cosmetics/pets/drone/base" },
    { "predicate": { "custom_model_data": 1008 }, "model": "item/cosmetics/pets/drone/elice" },
    { "predicate": { "custom_model_data": 1009 }, "model": "item/cosmetics/pets/ghost/ghost" },
    { "predicate": { "custom_model_data": 1010 }, "model": "item/cosmetics/pets/broom/broom" }
  ]
}
