{
  "parent": "item/generated",
  "textures": {
    "layer0": "item/golden_carrot"
  },
  "overrides": [
    { "predicate": { "custom_model_data": 1001 }, "model": "item/baton_tendre" },
    { "predicate": { "custom_model_data": 1002 }, "model": "item/branche_robuste" },
    { "predicate": { "custom_model_data": 1003 }, "model": "item/pierre" },
    { "predicate": { "custom_model_data": 1004 }, "model": "item/minerai_fer" },
    { "predicate": { "custom_model_data": 1005 }, "model": "item/minerai_zinc" },
    { "predicate": { "custom_model_data": 1006 }, "model": "item/minerai_cuivre" },
    { "predicate": { "custom_model_data": 1007 }, "model": "item/plante_medicinale" },
    { "predicate": { "custom_model_data": 1008 }, "model": "item/amanite_ecarlate" },
    { "predicate": { "custom_model_data": 1009 }, "model": "item/feuilles_enchantement" }
  ]
}
