{"format_version":"1.21.6","credit":"Made with Blockbench","texture_size":[64,64],"textures":{"0":"blockbench/skree_shadow","particle":"blockbench/skree_shadow"},"elements":[{"name":"p01","from":[4,15.94092,6.09619],"to":[12,20.94092,11.09619],"rotation":{"angle":-22.5,"axis":"x","origin":[8,16.23003,8.10642]},"faces":{"north":{"uv":[1.25,7.25,3.25,8.5],"texture":"#0"},"east":{"uv":[0,7.25,1.25,8.5],"texture":"#0"},"south":{"uv":[4.5,7.25,6.5,8.5],"texture":"#0"},"west":{"uv":[3.25,7.25,4.5,8.5],"texture":"#0"},"up":{"uv":[3.25,7.25,1.25,6],"texture":"#0"},"down":{"uv":[5.25,6,3.25,7.25],"texture":"#0"}}},{"name":"p02","from":[4,11,6],"to":[12,17,11],"rotation":{"angle":0,"axis":"y","origin":[8,16.23003,8.10642]},"faces":{"north":{"uv":[1.25,4.5,3.25,6],"texture":"#0"},"east":{"uv":[0,4.5,1.25,6],"texture":"#0"},"south":{"uv":[4.5,4.5,6.5,6],"texture":"#0"},"west":{"uv":[3.25,4.5,4.5,6],"texture":"#0"},"up":{"uv":[3.25,4.5,1.25,3.25],"texture":"#0"},"down":{"uv":[5.25,3.25,3.25,4.5],"texture":"#0"}}}],"display":{"head":{"translation":[0,-30,-0.5],"scale":[2,2,2]}},"groups":[{"name":"body","origin":[8,8,8],"color":0,"children":[0,1]}]}