{"format_version":"1.21.6","credit":"Made with Blockbench","texture_size":[64,64],"textures":{"1":"blockbench/skree_shadow","particle":"blockbench/skree_shadow"},"elements":[{"name":"main","from":[3.5,21,2],"to":[10.5,28,8],"rotation":{"angle":0,"axis":"y","origin":[7,24.45711,4.89645]},"faces":{"north":{"uv":[1.5,1.5,3.25,3.25],"texture":"#1"},"east":{"uv":[0,1.5,1.5,3.25],"texture":"#1"},"south":{"uv":[4.75,1.5,6.5,3.25],"texture":"#1"},"west":{"uv":[3.25,1.5,4.75,3.25],"texture":"#1"},"up":{"uv":[3.25,1.5,1.5,0],"texture":"#1"},"down":{"uv":[5,0,3.25,1.5],"texture":"#1"}}}],"display":{"head":{"translation":[2,-32.25,2.5],"scale":[2,2,2]}},"groups":[{"name":"head","origin":[7,23.5,6.25],"color":0,"children":[0]}]}