{
	"format_version": "1.21.6",
	"credit": "Made with Blockbench",
	"texture_size": [64, 64],
	"textures": {
		"1": "item/amanite_ecarlate"
	},
	"elements": [
		{
			"from": [7, 0, 7],
			"to": [9, 5, 9],
			"rotation": {"angle": 0, "axis": "y", "origin": [7, 0, 7]},
			"faces": {
				"north": {"uv": [3.5, 6.5, 4, 7.75], "texture": "#1"},
				"east": {"uv": [4, 6.5, 4.5, 7.75], "texture": "#1"},
				"south": {"uv": [4.5, 6.5, 5, 7.75], "texture": "#1"},
				"west": {"uv": [5, 6.5, 5.5, 7.75], "texture": "#1"},
				"up": {"uv": [8.5, 5, 8, 4.5], "texture": "#1"},
				"down": {"uv": [6.5, 8, 6, 8.5], "texture": "#1"}
			}
		},
		{
			"from": [6, 4, 7],
			"to": [8, 6, 9],
			"rotation": {"angle": 0, "axis": "y", "origin": [6, 1, 7]},
			"faces": {
				"north": {"uv": [6.5, 8, 7, 8.5], "texture": "#1"},
				"east": {"uv": [7, 8, 7.5, 8.5], "texture": "#1"},
				"south": {"uv": [8, 7.25, 8.5, 7.75], "texture": "#1"},
				"west": {"uv": [7.5, 8, 8, 8.5], "texture": "#1"},
				"up": {"uv": [8.5, 8.25, 8, 7.75], "texture": "#1"},
				"down": {"uv": [1, 8.25, 0.5, 8.75], "texture": "#1"}
			}
		},
		{
			"from": [6, 6, 7],
			"to": [7, 10, 9],
			"rotation": {"angle": 0, "axis": "y", "origin": [5, 3, 7]},
			"faces": {
				"north": {"uv": [1, 8.25, 1.25, 9.25], "texture": "#1"},
				"east": {"uv": [3, 7, 3.5, 8], "texture": "#1"},
				"south": {"uv": [1.25, 8.25, 1.5, 9.25], "texture": "#1"},
				"west": {"uv": [0.5, 7.25, 1, 8.25], "texture": "#1"},
				"up": {"uv": [8.75, 3.75, 8.5, 3.25], "texture": "#1"},
				"down": {"uv": [8.75, 4.5, 8.5, 5], "texture": "#1"}
			}
		},
		{
			"from": [7, 8, 7],
			"to": [8, 10, 9],
			"rotation": {"angle": 0, "axis": "y", "origin": [6, 6, 7]},
			"faces": {
				"north": {"uv": [8.5, 5.5, 8.75, 6], "texture": "#1"},
				"east": {"uv": [1.5, 8.25, 2, 8.75], "texture": "#1"},
				"south": {"uv": [6, 8.5, 6.25, 9], "texture": "#1"},
				"west": {"uv": [2, 8.25, 2.5, 8.75], "texture": "#1"},
				"up": {"uv": [8.75, 6.5, 8.5, 6], "texture": "#1"},
				"down": {"uv": [6.5, 8.5, 6.25, 9], "texture": "#1"}
			}
		},
		{
			"from": [7, 9, 6.5],
			"to": [9, 11, 8.5],
			"rotation": {"angle": 0, "axis": "y", "origin": [7, 7, 6]},
			"faces": {
				"north": {"uv": [2.5, 8.25, 3, 8.75], "texture": "#1"},
				"east": {"uv": [3, 8.25, 3.5, 8.75], "texture": "#1"},
				"south": {"uv": [3.5, 8.25, 4, 8.75], "texture": "#1"},
				"west": {"uv": [4, 8.25, 4.5, 8.75], "texture": "#1"},
				"up": {"uv": [5, 8.75, 4.5, 8.25], "texture": "#1"},
				"down": {"uv": [5.5, 8.25, 5, 8.75], "texture": "#1"}
			}
		},
		{
			"from": [8, 10, 6],
			"to": [10, 12, 8],
			"rotation": {"angle": 0, "axis": "y", "origin": [8, 8, 6]},
			"faces": {
				"north": {"uv": [5.5, 8.25, 6, 8.75], "texture": "#1"},
				"east": {"uv": [8, 8.25, 8.5, 8.75], "texture": "#1"},
				"south": {"uv": [8.5, 0, 9, 0.5], "texture": "#1"},
				"west": {"uv": [8.5, 0.5, 9, 1], "texture": "#1"},
				"up": {"uv": [9, 1.5, 8.5, 1], "texture": "#1"},
				"down": {"uv": [9, 1.5, 8.5, 2], "texture": "#1"}
			}
		},
		{
			"from": [3, 12, 6],
			"to": [15, 13, 8],
			"rotation": {"angle": 0, "axis": "y", "origin": [8, 12, 6]},
			"faces": {
				"north": {"uv": [6, 5, 9, 5.25], "texture": "#1"},
				"east": {"uv": [6.5, 8.5, 7, 8.75], "texture": "#1"},
				"south": {"uv": [6, 5.25, 9, 5.5], "texture": "#1"},
				"west": {"uv": [7, 8.5, 7.5, 8.75], "texture": "#1"},
				"up": {"uv": [7.5, 3.5, 4.5, 3], "texture": "#1"},
				"down": {"uv": [7.5, 3.5, 4.5, 4], "texture": "#1"}
			}
		},
		{
			"from": [5, 13, 3],
			"to": [13, 14, 11],
			"rotation": {"angle": 0, "axis": "y", "origin": [8, 13, 6]},
			"faces": {
				"north": {"uv": [1, 7.25, 3, 7.5], "texture": "#1"},
				"east": {"uv": [6, 7.25, 8, 7.5], "texture": "#1"},
				"south": {"uv": [1, 7.5, 3, 7.75], "texture": "#1"},
				"west": {"uv": [7.5, 3, 9.5, 3.25], "texture": "#1"},
				"up": {"uv": [2, 2, 0, 0], "texture": "#1"},
				"down": {"uv": [2, 2, 0, 4], "texture": "#1"}
			}
		},
		{
			"from": [6, 14, 4],
			"to": [12, 15, 10],
			"rotation": {"angle": 0, "axis": "y", "origin": [8, 14, 6]},
			"faces": {
				"north": {"uv": [8, 2.5, 9.5, 2.75], "texture": "#1"},
				"east": {"uv": [8, 2.75, 9.5, 3], "texture": "#1"},
				"south": {"uv": [3, 8, 4.5, 8.25], "texture": "#1"},
				"west": {"uv": [8, 4, 9.5, 4.25], "texture": "#1"},
				"up": {"uv": [6, 1.5, 4.5, 0], "texture": "#1"},
				"down": {"uv": [6, 1.5, 4.5, 3], "texture": "#1"}
			}
		},
		{
			"from": [4, 13, 5],
			"to": [14, 15, 9],
			"rotation": {"angle": 0, "axis": "y", "origin": [8, 13, 6]},
			"faces": {
				"north": {"uv": [6, 0, 8.5, 0.5], "texture": "#1"},
				"east": {"uv": [0.5, 6, 1.5, 6.5], "texture": "#1"},
				"south": {"uv": [6, 0.5, 8.5, 1], "texture": "#1"},
				"west": {"uv": [7.5, 3.25, 8.5, 3.75], "texture": "#1"},
				"up": {"uv": [4.5, 4, 2, 3], "texture": "#1"},
				"down": {"uv": [2.5, 4, 0, 5], "texture": "#1"}
			}
		},
		{
			"from": [7, 13, 2],
			"to": [11, 15, 12],
			"rotation": {"angle": 0, "axis": "y", "origin": [8, 13, 8]},
			"faces": {
				"north": {"uv": [7.5, 5.5, 8.5, 6], "texture": "#1"},
				"east": {"uv": [6, 1, 8.5, 1.5], "texture": "#1"},
				"south": {"uv": [6, 7.5, 7, 8], "texture": "#1"},
				"west": {"uv": [6, 1.5, 8.5, 2], "texture": "#1"},
				"up": {"uv": [3.5, 6.5, 2.5, 4], "texture": "#1"},
				"down": {"uv": [4.5, 4, 3.5, 6.5], "texture": "#1"}
			}
		},
		{
			"from": [6, 14, 5],
			"to": [12, 16, 9],
			"rotation": {"angle": 0, "axis": "y", "origin": [8, 14, 8]},
			"faces": {
				"north": {"uv": [6, 5.5, 7.5, 6], "texture": "#1"},
				"east": {"uv": [7.5, 6, 8.5, 6.5], "texture": "#1"},
				"south": {"uv": [6, 6, 7.5, 6.5], "texture": "#1"},
				"west": {"uv": [7, 7.5, 8, 8], "texture": "#1"},
				"up": {"uv": [6, 5, 4.5, 4], "texture": "#1"},
				"down": {"uv": [1.5, 5, 0, 6], "texture": "#1"}
			}
		},
		{
			"from": [7, 14, 4],
			"to": [11, 16, 10],
			"rotation": {"angle": 0, "axis": "y", "origin": [10, 14, 8]},
			"faces": {
				"north": {"uv": [1, 7.75, 2, 8.25], "texture": "#1"},
				"east": {"uv": [0.5, 6.5, 2, 7], "texture": "#1"},
				"south": {"uv": [2, 7.75, 3, 8.25], "texture": "#1"},
				"west": {"uv": [2, 6.5, 3.5, 7], "texture": "#1"},
				"up": {"uv": [2.5, 6.5, 1.5, 5], "texture": "#1"},
				"down": {"uv": [5.5, 5, 4.5, 6.5], "texture": "#1"}
			}
		},
		{
			"from": [4, 12, 4],
			"to": [14, 13, 10],
			"rotation": {"angle": 0, "axis": "y", "origin": [8, 12, 9]},
			"faces": {
				"north": {"uv": [0.5, 7, 3, 7.25], "texture": "#1"},
				"east": {"uv": [8, 4.25, 9.5, 4.5], "texture": "#1"},
				"south": {"uv": [6, 7, 8.5, 7.25], "texture": "#1"},
				"west": {"uv": [4.5, 8, 6, 8.25], "texture": "#1"},
				"up": {"uv": [4.5, 1.5, 2, 0], "texture": "#1"},
				"down": {"uv": [4.5, 1.5, 2, 3], "texture": "#1"}
			}
		},
		{
			"from": [5, 12, 2],
			"to": [13, 13, 4],
			"rotation": {"angle": 0, "axis": "y", "origin": [8, 12, 3]},
			"faces": {
				"north": {"uv": [7.5, 3.75, 9.5, 4], "texture": "#1"},
				"east": {"uv": [8.5, 7, 9, 7.25], "texture": "#1"},
				"south": {"uv": [3.5, 7.75, 5.5, 8], "texture": "#1"},
				"west": {"uv": [8.5, 7.25, 9, 7.5], "texture": "#1"},
				"up": {"uv": [8, 2.5, 6, 2], "texture": "#1"},
				"down": {"uv": [8, 2.5, 6, 3], "texture": "#1"}
			}
		},
		{
			"from": [5, 12, 10],
			"to": [13, 13, 12],
			"rotation": {"angle": 0, "axis": "y", "origin": [8, 12, 11]},
			"faces": {
				"north": {"uv": [8, 2, 10, 2.25], "texture": "#1"},
				"east": {"uv": [7.5, 8.5, 8, 8.75], "texture": "#1"},
				"south": {"uv": [8, 2.25, 10, 2.5], "texture": "#1"},
				"west": {"uv": [8.5, 7.5, 9, 7.75], "texture": "#1"},
				"up": {"uv": [8, 4.5, 6, 4], "texture": "#1"},
				"down": {"uv": [8, 4.5, 6, 5], "texture": "#1"}
			}
		},
		{
			"from": [8, 12, 1],
			"to": [10, 13, 13],
			"rotation": {"angle": 0, "axis": "y", "origin": [8, 12, 8]},
			"faces": {
				"north": {"uv": [8.5, 7.75, 9, 8], "texture": "#1"},
				"east": {"uv": [6, 6.5, 9, 6.75], "texture": "#1"},
				"south": {"uv": [8.5, 8, 9, 8.25], "texture": "#1"},
				"west": {"uv": [6, 6.75, 9, 7], "texture": "#1"},
				"up": {"uv": [6, 8, 5.5, 5], "texture": "#1"},
				"down": {"uv": [0.5, 6, 0, 9], "texture": "#1"}
			}
		}
	],
	"display": {
		"head": {
			"translation": [0, -35.5, 0]
		}
	},
	"groups": [
		{
			"name": "group",
			"origin": [8, 8, 8],
			"color": 0,
			"children": [0, 1, 2, 3, 4, 5, 6, 7, 8, 9, 10, 11, 12, 13, 14, 15, 16]
		}
	]
}