{
	"format_version": "1.21.6",
	"credit": "Made with Blockbench",
	"textures": {
		"0": "item/little_pumpkin",
		"particle": "item/little_pumpkin"
	},
	"elements": [
		{
			"name": "pied gauche",
			"from": [10, 0, 8],
			"to": [11, 1, 8.5],
			"rotation": {"angle": 0, "axis": "y", "origin": [18, -1, 7]},
			"faces": {
				"north": {"uv": [6, 5, 7, 6], "texture": "#0"},
				"east": {"uv": [12, 1, 12.5, 2], "texture": "#0"},
				"south": {"uv": [2, 9, 3, 10], "texture": "#0"},
				"west": {"uv": [2, 12, 2.5, 13], "texture": "#0"},
				"up": {"uv": [13, 2.5, 12, 2], "texture": "#0"},
				"down": {"uv": [4, 12, 3, 12.5], "texture": "#0"}
			}
		},
		{
			"name": "pied droit",
			"from": [8, 0, 8],
			"to": [9, 1, 8.5],
			"rotation": {"angle": 0, "axis": "y", "origin": [14, -1, 7]},
			"faces": {
				"north": {"uv": [9, 2, 10, 3], "texture": "#0"},
				"east": {"uv": [12, 3, 12.5, 4], "texture": "#0"},
				"south": {"uv": [9, 7, 10, 8], "texture": "#0"},
				"west": {"uv": [4, 12, 4.5, 13], "texture": "#0"},
				"up": {"uv": [13, 4.5, 12, 4], "texture": "#0"},
				"down": {"uv": [6, 12, 5, 12.5], "texture": "#0"}
			}
		},
		{
			"name": "corps",
			"from": [8, 1, 7],
			"to": [11, 4, 10],
			"rotation": {"angle": 0, "axis": "y", "origin": [14, 1, 7]},
			"faces": {
				"north": {"uv": [0, 0, 3, 3], "texture": "#0"},
				"east": {"uv": [0, 3, 3, 6], "texture": "#0"},
				"south": {"uv": [3, 0, 6, 3], "texture": "#0"},
				"west": {"uv": [3, 3, 6, 6], "texture": "#0"},
				"up": {"uv": [3, 9, 0, 6], "texture": "#0"},
				"down": {"uv": [9, 0, 6, 3], "texture": "#0"}
			}
		},
		{
			"name": "droite",
			"from": [7.7, 1.5, 7.5],
			"to": [8, 3.5, 9.5],
			"rotation": {"angle": 0, "axis": "y", "origin": [17, 2, 8]},
			"faces": {
				"north": {"uv": [9, 8, 9.5, 10], "texture": "#0"},
				"east": {"uv": [3, 6, 5, 8], "texture": "#0"},
				"south": {"uv": [2, 10, 2.5, 12], "texture": "#0"},
				"west": {"uv": [6, 3, 8, 5], "texture": "#0"},
				"up": {"uv": [10.5, 4, 10, 2], "texture": "#0"},
				"down": {"uv": [3.5, 10, 3, 12], "texture": "#0"}
			}
		},
		{
			"name": "gauche",
			"from": [11, 1.5, 7.5],
			"to": [11.3, 3.5, 9.5],
			"rotation": {"angle": 0, "axis": "y", "origin": [15, 2, 7]},
			"faces": {
				"north": {"uv": [4, 10, 4.5, 12], "texture": "#0"},
				"east": {"uv": [5, 6, 7, 8], "texture": "#0"},
				"south": {"uv": [5, 10, 5.5, 12], "texture": "#0"},
				"west": {"uv": [7, 5, 9, 7], "texture": "#0"},
				"up": {"uv": [6.5, 12, 6, 10], "texture": "#0"},
				"down": {"uv": [10.5, 7, 10, 9], "texture": "#0"}
			}
		},
		{
			"name": "avant",
			"from": [8.5, 1.5, 6.7],
			"to": [10.5, 3.5, 7],
			"rotation": {"angle": 0, "axis": "x", "origin": [9.5, -1, 9]},
			"faces": {
				"north": {"uv": [7, 7, 9, 9], "texture": "#0"},
				"east": {"uv": [9, 10, 9.5, 12], "texture": "#0"},
				"south": {"uv": [3, 8, 5, 10], "texture": "#0"},
				"west": {"uv": [10, 9, 10.5, 11], "texture": "#0"},
				"up": {"uv": [12, 4.5, 10, 4], "texture": "#0"},
				"down": {"uv": [2, 11, 0, 11.5], "texture": "#0"}
			}
		},
		{
			"name": "arriere",
			"from": [8.5, 1.5, 10],
			"to": [10.5, 3.5, 10.3],
			"rotation": {"angle": 0, "axis": "x", "origin": [9.5, -1, 12]},
			"faces": {
				"north": {"uv": [8, 3, 10, 5], "texture": "#0"},
				"east": {"uv": [11, 0, 11.5, 2], "texture": "#0"},
				"south": {"uv": [5, 8, 7, 10], "texture": "#0"},
				"west": {"uv": [11, 2, 11.5, 4], "texture": "#0"},
				"up": {"uv": [13, 5.5, 11, 5], "texture": "#0"},
				"down": {"uv": [13, 6, 11, 6.5], "texture": "#0"}
			}
		},
		{
			"name": "haut",
			"from": [8.5, 4, 7.5],
			"to": [10.5, 4.3, 9.5],
			"rotation": {"angle": 0, "axis": "z", "origin": [16, 2, 8]},
			"faces": {
				"north": {"uv": [7, 11, 9, 11.5], "texture": "#0"},
				"east": {"uv": [11, 7, 13, 7.5], "texture": "#0"},
				"south": {"uv": [11, 8, 13, 8.5], "texture": "#0"},
				"west": {"uv": [11, 9, 13, 9.5], "texture": "#0"},
				"up": {"uv": [2, 11, 0, 9], "texture": "#0"},
				"down": {"uv": [11, 0, 9, 2], "texture": "#0"}
			}
		},
		{
			"name": "haut",
			"from": [9.3, 4, 8.3],
			"to": [9.8, 5, 8.8],
			"rotation": {"angle": 0, "axis": "z", "origin": [16, 2, 9]},
			"faces": {
				"north": {"uv": [6, 12, 6.5, 13], "texture": "#0"},
				"east": {"uv": [7, 12, 7.5, 13], "texture": "#0"},
				"south": {"uv": [8, 12, 8.5, 13], "texture": "#0"},
				"west": {"uv": [9, 12, 9.5, 13], "texture": "#0"},
				"up": {"uv": [10.5, 12.5, 10, 12], "texture": "#0"},
				"down": {"uv": [11.5, 12, 11, 12.5], "texture": "#0"}
			}
		},
		{
			"name": "bas",
			"from": [8.5, 0.7, 7.5],
			"to": [10.5, 1, 9.5],
			"rotation": {"angle": 0, "axis": "z", "origin": [16, -2, 8]},
			"faces": {
				"north": {"uv": [10, 11, 12, 11.5], "texture": "#0"},
				"east": {"uv": [11, 10, 13, 10.5], "texture": "#0"},
				"south": {"uv": [0, 12, 2, 12.5], "texture": "#0"},
				"west": {"uv": [12, 0, 14, 0.5], "texture": "#0"},
				"up": {"uv": [11, 7, 9, 5], "texture": "#0"},
				"down": {"uv": [9, 9, 7, 11], "texture": "#0"}
			}
		}
	],
	"display": {
		"gui": {
			"rotation": [15, -32, 0],
			"translation": [-1.75, 11.75, 0],
			"scale": [2.1, 2.1, 2.1]
		},
		"head": {
			"rotation": [0, -180, 0],
			"translation": [11.75, 4, 0],
			"scale": [1.2, 1.2, 1.2]
		}
	},
	"groups": [
		{
			"name": "citrouille",
			"origin": [8, 8, 8],
			"color": 0,
			"children": [0, 1, 2, 3, 4, 5, 6, 7, 8, 9]
		}
	]
}