{
	"format_version": "1.21.6",
	"credit": "Made with Blockbench",
	"texture_size": [64, 64],
	"textures": {
		"1": "item/pumpkin_hat"
	},
	"elements": [
		{
			"from": [5, 0, 4],
			"to": [11, 11, 12],
			"rotation": {"angle": 0, "axis": "y", "origin": [7, 0, 7]},
			"faces": {
				"north": {"uv": [0, 7.25, 1.5, 10], "texture": "#1"},
				"east": {"uv": [2.5, 0, 4.5, 2.75], "texture": "#1"},
				"south": {"uv": [1.5, 8, 3, 10.75], "texture": "#1"},
				"west": {"uv": [2.5, 2.75, 4.5, 5.5], "texture": "#1"},
				"up": {"uv": [6.5, 11, 5, 9], "texture": "#1"},
				"down": {"uv": [8, 9, 6.5, 11], "texture": "#1"}
			}
		},
		{
			"from": [3, 1, 4],
			"to": [13, 10, 12],
			"rotation": {"angle": 0, "axis": "y", "origin": [14, 0, 7]},
			"faces": {
				"north": {"uv": [0, 0, 2.5, 2.25], "texture": "#1"},
				"east": {"uv": [4, 6.75, 6, 9], "texture": "#1"},
				"south": {"uv": [0, 2.25, 2.5, 4.5], "texture": "#1"},
				"west": {"uv": [6, 6.75, 8, 9], "texture": "#1"},
				"up": {"uv": [7, 4.75, 4.5, 2.75], "texture": "#1"},
				"down": {"uv": [7, 4.75, 4.5, 6.75], "texture": "#1"}
			}
		},
		{
			"from": [4, 2, 3],
			"to": [12, 9, 13],
			"rotation": {"angle": 0, "axis": "y", "origin": [14, 0, 6]},
			"faces": {
				"north": {"uv": [8.5, 0, 10.5, 1.75], "texture": "#1"},
				"east": {"uv": [7, 2.5, 9.5, 4.25], "texture": "#1"},
				"south": {"uv": [3, 9, 5, 10.75], "texture": "#1"},
				"west": {"uv": [7, 4.25, 9.5, 6], "texture": "#1"},
				"up": {"uv": [4, 8, 2, 5.5], "texture": "#1"},
				"down": {"uv": [8.5, 0, 6.5, 2.5], "texture": "#1"}
			}
		},
		{
			"from": [13, 2, 5],
			"to": [14, 9, 11],
			"rotation": {"angle": 0, "axis": "y", "origin": [23, 0, 6]},
			"faces": {
				"north": {"uv": [9.5, 10, 9.75, 11.75], "texture": "#1"},
				"east": {"uv": [9.5, 4.75, 11, 6.5], "texture": "#1"},
				"south": {"uv": [9.75, 10, 10, 11.75], "texture": "#1"},
				"west": {"uv": [9.5, 6.5, 11, 8.25], "texture": "#1"},
				"up": {"uv": [10.75, 1.5, 10.5, 0], "texture": "#1"},
				"down": {"uv": [10.75, 10, 10.5, 11.5], "texture": "#1"}
			}
		},
		{
			"from": [2, 2, 5],
			"to": [3, 9, 11],
			"rotation": {"angle": 0, "axis": "y", "origin": [12, 0, 6]},
			"faces": {
				"north": {"uv": [10, 10, 10.25, 11.75], "texture": "#1"},
				"east": {"uv": [9.5, 8.25, 11, 10], "texture": "#1"},
				"south": {"uv": [10.25, 10, 10.5, 11.75], "texture": "#1"},
				"west": {"uv": [0, 10, 1.5, 11.75], "texture": "#1"},
				"up": {"uv": [11, 1.5, 10.75, 0], "texture": "#1"},
				"down": {"uv": [1.75, 10.75, 1.5, 12.25], "texture": "#1"}
			}
		},
		{
			"from": [4, 0, 5],
			"to": [12, 11, 11],
			"rotation": {"angle": 0, "axis": "y", "origin": [7, 0, 7]},
			"faces": {
				"north": {"uv": [0, 4.5, 2, 7.25], "texture": "#1"},
				"east": {"uv": [8, 6, 9.5, 8.75], "texture": "#1"},
				"south": {"uv": [4.5, 0, 6.5, 2.75], "texture": "#1"},
				"west": {"uv": [8, 8.75, 9.5, 11.5], "texture": "#1"},
				"up": {"uv": [11.5, 3.25, 9.5, 1.75], "texture": "#1"},
				"down": {"uv": [11.5, 3.25, 9.5, 4.75], "texture": "#1"}
			}
		},
		{
			"from": [7, 11, 7],
			"to": [9, 12, 9],
			"rotation": {"angle": 0, "axis": "y", "origin": [7, 11, 7]},
			"faces": {
				"north": {"uv": [6.5, 2.5, 7, 2.75], "texture": "#1"},
				"east": {"uv": [4, 6.5, 4.5, 6.75], "texture": "#1"},
				"south": {"uv": [7, 6, 7.5, 6.25], "texture": "#1"},
				"west": {"uv": [7, 6.25, 7.5, 6.5], "texture": "#1"},
				"up": {"uv": [2.5, 5, 2, 4.5], "texture": "#1"},
				"down": {"uv": [2.5, 5, 2, 5.5], "texture": "#1"}
			}
		},
		{
			"from": [6, 12, 8],
			"to": [8, 13, 10],
			"rotation": {"angle": 0, "axis": "y", "origin": [7, 12, 8]},
			"faces": {
				"north": {"uv": [7, 6.5, 7.5, 6.75], "texture": "#1"},
				"east": {"uv": [1.5, 7.25, 2, 7.5], "texture": "#1"},
				"south": {"uv": [1.5, 7.5, 2, 7.75], "texture": "#1"},
				"west": {"uv": [7.5, 6, 8, 6.25], "texture": "#1"},
				"up": {"uv": [4.5, 6, 4, 5.5], "texture": "#1"},
				"down": {"uv": [4.5, 6, 4, 6.5], "texture": "#1"}
			}
		},
		{
			"from": [6, 13, 9],
			"to": [8, 14, 10],
			"rotation": {"angle": 0, "axis": "y", "origin": [7, 13, 8]},
			"faces": {
				"north": {"uv": [7.5, 6.25, 8, 6.5], "texture": "#1"},
				"east": {"uv": [8.5, 1.75, 8.75, 2], "texture": "#1"},
				"south": {"uv": [7.5, 6.5, 8, 6.75], "texture": "#1"},
				"west": {"uv": [8.5, 2, 8.75, 2.25], "texture": "#1"},
				"up": {"uv": [2, 8, 1.5, 7.75], "texture": "#1"},
				"down": {"uv": [3.5, 8, 3, 8.25], "texture": "#1"}
			}
		},
		{
			"from": [6, 13, 8],
			"to": [7, 14, 9],
			"rotation": {"angle": 0, "axis": "y", "origin": [7, 13, 7]},
			"faces": {
				"north": {"uv": [8.5, 2.25, 8.75, 2.5], "texture": "#1"},
				"east": {"uv": [3.5, 8.5, 3.75, 8.75], "texture": "#1"},
				"south": {"uv": [3.75, 8.5, 4, 8.75], "texture": "#1"},
				"west": {"uv": [8.75, 1.75, 9, 2], "texture": "#1"},
				"up": {"uv": [9, 2.25, 8.75, 2], "texture": "#1"},
				"down": {"uv": [9, 2.25, 8.75, 2.5], "texture": "#1"}
			}
		},
		{
			"from": [6, 14, 9],
			"to": [7, 15, 10],
			"rotation": {"angle": 0, "axis": "y", "origin": [7, 14, 8]},
			"faces": {
				"north": {"uv": [3, 8.75, 3.25, 9], "texture": "#1"},
				"east": {"uv": [3.25, 8.75, 3.5, 9], "texture": "#1"},
				"south": {"uv": [3.5, 8.75, 3.75, 9], "texture": "#1"},
				"west": {"uv": [3.75, 8.75, 4, 9], "texture": "#1"},
				"up": {"uv": [9.25, 2, 9, 1.75], "texture": "#1"},
				"down": {"uv": [9.25, 2, 9, 2.25], "texture": "#1"}
			}
		},
		{
			"from": [4.5, 15, 8],
			"to": [5.5, 15, 10],
			"rotation": {"angle": 45, "axis": "y", "origin": [5, 15, 8]},
			"faces": {
				"north": {"uv": [0, 0, 0.25, 0], "texture": "#1"},
				"east": {"uv": [0, 0, 0.5, 0], "texture": "#1"},
				"south": {"uv": [0, 0, 0.25, 0], "texture": "#1"},
				"west": {"uv": [0, 0, 0.5, 0], "texture": "#1"},
				"up": {"uv": [3.75, 8.5, 3.5, 8], "texture": "#1"},
				"down": {"uv": [4, 8, 3.75, 8.5], "texture": "#1"}
			}
		},
		{
			"from": [6, 15, 10],
			"to": [7, 15, 12],
			"rotation": {"angle": -45, "axis": "y", "origin": [7, 15, 10]},
			"faces": {
				"north": {"uv": [0, 0, 0.25, 0], "texture": "#1"},
				"east": {"uv": [0, 0, 0.5, 0], "texture": "#1"},
				"south": {"uv": [0, 0, 0.25, 0], "texture": "#1"},
				"west": {"uv": [0, 0, 0.5, 0], "texture": "#1"},
				"up": {"uv": [3.25, 8.75, 3, 8.25], "texture": "#1"},
				"down": {"uv": [3.5, 8.25, 3.25, 8.75], "texture": "#1"}
			}
		}
	],
	"display": {
		"gui": {
			"rotation": [18, 146, 0],
			"translation": [0.25, 0.75, 0],
			"scale": [0.9, 0.9, 0.9]
		},
		"head": {
			"translation": [-0.25, 3.5, -0.25],
			"scale": [1.75, 1.5, 1.75]
		}
	},
	"groups": [
		{
			"name": "head",
			"origin": [8, 8, 8],
			"color": 0,
			"children": [0, 1, 2, 3, 4, 5, 6, 7, 8, 9, 10, 11, 12]
		}
	]
}