{
	"format_version": "1.21.6",
	"credit": "Made with Blockbench",
	"textures": {
		"0": "item/unicorn_ears",
		"particle": "item/unicorn_ears"
	},
	"elements": [
		{
			"from": [7, 1, 7],
			"to": [8, 7, 8],
			"rotation": {"angle": -22.5, "axis": "x", "origin": [6, 1, 7]},
			"faces": {
				"north": {"uv": [0, 0, 1, 6], "texture": "#0"},
				"east": {"uv": [1, 0, 2, 6], "texture": "#0"},
				"south": {"uv": [2, 0, 3, 6], "texture": "#0"},
				"west": {"uv": [3, 0, 4, 6], "texture": "#0"},
				"up": {"uv": [2, 7, 1, 6], "texture": "#0"},
				"down": {"uv": [3, 6, 2, 7], "texture": "#0"}
			}
		},
		{
			"from": [4, 2, 9],
			"to": [5, 4, 10],
			"rotation": {"angle": 0, "axis": "y", "origin": [3, 2, 8]},
			"faces": {
				"north": {"uv": [4, 0, 5, 2], "texture": "#0"},
				"east": {"uv": [4, 2, 5, 4], "texture": "#0"},
				"south": {"uv": [4, 4, 5, 6], "texture": "#0"},
				"west": {"uv": [5, 0, 6, 2], "texture": "#0"},
				"up": {"uv": [7, 3, 6, 2], "texture": "#0"},
				"down": {"uv": [4, 6, 3, 7], "texture": "#0"}
			}
		},
		{
			"from": [10, 2, 9],
			"to": [11, 4, 10],
			"rotation": {"angle": 0, "axis": "y", "origin": [9, 2, 8]},
			"faces": {
				"north": {"uv": [5, 2, 6, 4], "texture": "#0"},
				"east": {"uv": [5, 4, 6, 6], "texture": "#0"},
				"south": {"uv": [0, 6, 1, 8], "texture": "#0"},
				"west": {"uv": [6, 0, 7, 2], "texture": "#0"},
				"up": {"uv": [8, 4, 7, 3], "texture": "#0"},
				"down": {"uv": [5, 7, 4, 8], "texture": "#0"}
			}
		},
		{
			"from": [5, 2, 9],
			"to": [6, 3, 10],
			"rotation": {"angle": 0, "axis": "y", "origin": [4, 2, 8]},
			"faces": {
				"north": {"uv": [6, 3, 7, 4], "texture": "#0"},
				"east": {"uv": [4, 6, 5, 7], "texture": "#0"},
				"south": {"uv": [6, 4, 7, 5], "texture": "#0"},
				"west": {"uv": [5, 6, 6, 7], "texture": "#0"},
				"up": {"uv": [7, 6, 6, 5], "texture": "#0"},
				"down": {"uv": [7, 6, 6, 7], "texture": "#0"}
			}
		},
		{
			"from": [9, 2, 9],
			"to": [10, 3, 10],
			"rotation": {"angle": 0, "axis": "y", "origin": [8, 2, 8]},
			"faces": {
				"north": {"uv": [7, 0, 8, 1], "texture": "#0"},
				"east": {"uv": [1, 7, 2, 8], "texture": "#0"},
				"south": {"uv": [7, 1, 8, 2], "texture": "#0"},
				"west": {"uv": [2, 7, 3, 8], "texture": "#0"},
				"up": {"uv": [8, 3, 7, 2], "texture": "#0"},
				"down": {"uv": [4, 7, 3, 8], "texture": "#0"}
			}
		}
	],
	"display": {
		"gui": {
			"rotation": [25, -28, 0],
			"translation": [2, 6.25, 0],
			"scale": [2, 2, 2]
		},
		"head": {
			"translation": [1.25, 18.5, -4.25],
			"scale": [1.83, 2.03, 2]
		}
	},
	"groups": [
		{
			"name": "corne",
			"origin": [8, 8, 8],
			"color": 0,
			"children": [0]
		},
		1,
		2,
		3,
		4
	]
}