{"format_version":"1.21.6","credit":"Made with Blockbench","texture_size":[64,64],"textures":{"0":"blockbench/gobelin1","particle":"blockbench/gobelin1"},"elements":[{"name":"p01","from":[6.95897,15.34298,9.24264],"to":[8.95897,21.34298,11.24264],"rotation":{"angle":0,"axis":"x","origin":[3.95897,21.17141,0]},"faces":{"north":{"uv":[4.5,9,5,10.5],"texture":"#0"},"east":{"uv":[4,9,4.5,10.5],"texture":"#0"},"south":{"uv":[5.5,9,6,10.5],"texture":"#0"},"west":{"uv":[5,9,5.5,10.5],"texture":"#0"},"up":{"uv":[5,9,4.5,8.5],"texture":"#0"},"down":{"uv":[5.5,8.5,5,9],"texture":"#0"}}},{"name":"p02","from":[6.95897,16.87852,5.77817],"to":[8.95897,23.87852,7.77817],"rotation":{"angle":45,"axis":"x","origin":[3.95897,16.17141,-1]},"faces":{"north":{"uv":[7,6.5,7.5,8.25],"texture":"#0"},"east":{"uv":[6.5,6.5,7,8.25],"texture":"#0"},"south":{"uv":[8,6.5,8.5,8.25],"texture":"#0"},"west":{"uv":[7.5,6.5,8,8.25],"texture":"#0"},"up":{"uv":[7.5,6.5,7,6],"texture":"#0"},"down":{"uv":[8,6,7.5,6.5],"texture":"#0"}}},{"name":"main","from":[6.959,6,3.33662],"to":[8.959,8,5.33662],"rotation":{"angle":-22.5,"axis":"x","origin":[2.95897,10.17141,-6]},"faces":{"north":{"uv":[10,5.5,10.5,6],"texture":"#0"},"east":{"uv":[9.5,5.5,10,6],"texture":"#0"},"south":{"uv":[11,5.5,11.5,6],"texture":"#0"},"west":{"uv":[10.5,5.5,11,6],"texture":"#0"},"up":{"uv":[10.5,5.5,10,5],"texture":"#0"},"down":{"uv":[11,5,10.5,5.5],"texture":"#0"}}},{"name":"b01","from":[7,7.3,3.2],"to":[8,9.3,4.2],"rotation":{"angle":-22.5,"axis":"x","origin":[2.95897,11.17141,-8]},"faces":{"north":{"uv":[10.75,7.5,11,8],"texture":"#0"},"east":{"uv":[10.5,7.5,10.75,8],"texture":"#0"},"south":{"uv":[11.25,7.5,11.5,8],"texture":"#0"},"west":{"uv":[11,7.5,11.25,8],"texture":"#0"},"up":{"uv":[11,7.5,10.75,7.25],"texture":"#0"},"down":{"uv":[11.25,7.25,11,7.5],"texture":"#0"}}},{"name":"b02","from":[7,8.40919,1.83662],"to":[8,9.40919,4.83662],"rotation":{"angle":-22.5,"axis":"x","origin":[2.95897,12.17141,-9]},"faces":{"north":{"uv":[0.75,11.25,1,11.5],"texture":"#0"},"east":{"uv":[0,11.25,0.75,11.5],"texture":"#0"},"south":{"uv":[1.75,11.25,2,11.5],"texture":"#0"},"west":{"uv":[1,11.25,1.75,11.5],"texture":"#0"},"up":{"uv":[1,11.25,0.75,10.5],"texture":"#0"},"down":{"uv":[1.25,10.5,1,11.25],"texture":"#0"}}},{"name":"b03","from":[7,9.40919,1.98662],"to":[8,12.40919,3.98662],"rotation":{"angle":-22.5,"axis":"x","origin":[2.95897,13.17141,-9]},"faces":{"north":{"uv":[11,6.5,11.25,7.25],"texture":"#0"},"east":{"uv":[10.5,6.5,11,7.25],"texture":"#0"},"south":{"uv":[11.75,6.5,12,7.25],"texture":"#0"},"west":{"uv":[11.25,6.5,11.75,7.25],"texture":"#0"},"up":{"uv":[11.25,6.5,11,6],"texture":"#0"},"down":{"uv":[11.5,6,11.25,6.5],"texture":"#0"}}},{"name":"b04","from":[7,12.40919,1.98662],"to":[8,13.40919,2.98662],"rotation":{"angle":-22.5,"axis":"x","origin":[2.95897,16.17141,-9]},"faces":{"north":{"uv":[10.75,9.75,11,10],"texture":"#0"},"east":{"uv":[10.5,9.75,10.75,10],"texture":"#0"},"south":{"uv":[11.25,9.75,11.5,10],"texture":"#0"},"west":{"uv":[11,9.75,11.25,10],"texture":"#0"},"up":{"uv":[11,9.75,10.75,9.5],"texture":"#0"},"down":{"uv":[11.25,9.5,11,9.75],"texture":"#0"}}}],"display":{"head":{"translation":[9.5,-31.25,-4.5],"scale":[2,2,2]}},"groups":[{"name":"left_arm","origin":[1.9074,20.02581,-2.46558],"rotation":[0,0,2.5],"color":0,"children":[0,1,{"name":"hand","origin":[-1.04103,0.17141,0],"rotation":[0,0,-2.5],"color":0,"children":[2,{"name":"knife","origin":[3.20897,14.5195,-7.60449],"rotation":[5,0,0],"color":0,"children":[3,4,5,6]}]}]}]}