{"format_version":"1.21.6","credit":"Made with Blockbench","texture_size":[64,64],"textures":{"0":"blockbench/gobelin1","particle":"blockbench/gobelin1"},"elements":[{"name":"base","from":[7.5,0,3.6],"to":[9.5,2,7.6],"rotation":{"angle":22.5,"axis":"y","origin":[8,0,5]},"faces":{"north":{"uv":[7.5,2.5,8,3],"texture":"#0"},"east":{"uv":[6.5,2.5,7.5,3],"texture":"#0"},"south":{"uv":[9,2.5,9.5,3],"texture":"#0"},"west":{"uv":[8,2.5,9,3],"texture":"#0"},"up":{"uv":[8,2.5,7.5,1.5],"texture":"#0"},"down":{"uv":[8.5,1.5,8,2.5],"texture":"#0"}}},{"name":"b01","from":[8,1.8,5.5],"to":[10,6.8,7.5],"rotation":{"angle":-22.5,"axis":"x","origin":[9,2,7]},"faces":{"north":{"uv":[10,3.75,10.5,5],"texture":"#0"},"east":{"uv":[9.5,3.75,10,5],"texture":"#0"},"south":{"uv":[11,3.75,11.5,5],"texture":"#0"},"west":{"uv":[10.5,3.75,11,5],"texture":"#0"},"up":{"uv":[10.5,3.75,10,3.25],"texture":"#0"},"down":{"uv":[11,3.25,10.5,3.75],"texture":"#0"}}},{"name":"b02","from":[8,5.4,3.5],"to":[10,11.4,5.5],"rotation":{"angle":22.5,"axis":"x","origin":[9,5,5]},"faces":{"north":{"uv":[2.5,9,3,10.5],"texture":"#0"},"east":{"uv":[2,9,2.5,10.5],"texture":"#0"},"south":{"uv":[3.5,9,4,10.5],"texture":"#0"},"west":{"uv":[3,9,3.5,10.5],"texture":"#0"},"up":{"uv":[3,9,2.5,8.5],"texture":"#0"},"down":{"uv":[3.5,8.5,3,9],"texture":"#0"}}}],"display":{"head":{"translation":[-8,-28.25,1.75],"scale":[2,2,2]}},"groups":[{"name":"right_feet","origin":[-4,11,-1],"color":0,"children":[0,1,2]}]}