{
	"format_version": "1.21.6",
	"credit": "Made with Blockbench",
	"texture_size": [64, 64],
	"textures": {
		"0": "blockbench/skree_shadow",
		"particle": "blockbench/skree_shadow"
	},
	"elements": [
		{
			"name": "p01",
			"from": [6, 14, 1],
			"to": [8, 20, 3],
			"rotation": {"angle": 0, "axis": "x", "origin": [7, 17, 2]},
			"faces": {
				"north": {"uv": [9, 6.5, 9.5, 8], "texture": "#0"},
				"east": {"uv": [8.5, 6.5, 9, 8], "texture": "#0"},
				"south": {"uv": [10, 6.5, 10.5, 8], "texture": "#0"},
				"west": {"uv": [9.5, 6.5, 10, 8], "texture": "#0"},
				"up": {"uv": [9.5, 6.5, 9, 6], "texture": "#0"},
				"down": {"uv": [10, 6, 9.5, 6.5], "texture": "#0"}
			}
		},
		{
			"name": "p02",
			"from": [6, 9, -3.65],
			"to": [8, 16, -1.65],
			"rotation": {"angle": 45, "axis": "x", "origin": [7, 9, -2]},
			"faces": {
				"north": {"uv": [7, 8.75, 7.5, 10.5], "texture": "#0"},
				"east": {"uv": [6.5, 8.75, 7, 10.5], "texture": "#0"},
				"south": {"uv": [8, 8.75, 8.5, 10.5], "texture": "#0"},
				"west": {"uv": [7.5, 8.75, 8, 10.5], "texture": "#0"},
				"up": {"uv": [7.5, 8.75, 7, 8.25], "texture": "#0"},
				"down": {"uv": [8, 8.25, 7.5, 8.75], "texture": "#0"}
			}
		},
		{
			"name": "hand",
			"from": [6, 7.5, -4.5],
			"to": [8, 9.5, -2.5],
			"rotation": {"angle": 45, "axis": "x", "origin": [7, 8, -3]},
			"faces": {
				"north": {"uv": [2.5, 11, 3, 11.5], "texture": "#0"},
				"east": {"uv": [2, 11, 2.5, 11.5], "texture": "#0"},
				"south": {"uv": [3.5, 11, 4, 11.5], "texture": "#0"},
				"west": {"uv": [3, 11, 3.5, 11.5], "texture": "#0"},
				"up": {"uv": [3, 11, 2.5, 10.5], "texture": "#0"},
				"down": {"uv": [3.5, 10.5, 3, 11], "texture": "#0"}
			}
		},
		{
			"name": "b01",
			"from": [6.5, 6.66595, -5.72177],
			"to": [7.5, 8.66595, -4.72177],
			"rotation": {"angle": -22.5, "axis": "x", "origin": [2.95897, 11.17141, -8]},
			"faces": {
				"north": {"uv": [10.75, 7.5, 11, 8], "texture": "#0"},
				"east": {"uv": [10.5, 7.5, 10.75, 8], "texture": "#0"},
				"south": {"uv": [11.25, 7.5, 11.5, 8], "texture": "#0"},
				"west": {"uv": [11, 7.5, 11.25, 8], "texture": "#0"},
				"up": {"uv": [11, 7.5, 10.75, 7.25], "texture": "#0"},
				"down": {"uv": [11.25, 7.25, 11, 7.5], "texture": "#0"}
			}
		},
		{
			"name": "b02",
			"from": [6.5, 7.77514, -7.08515],
			"to": [7.5, 8.77514, -4.08515],
			"rotation": {"angle": -22.5, "axis": "x", "origin": [2.95897, 12.17141, -9]},
			"faces": {
				"north": {"uv": [0.75, 11.25, 1, 11.5], "texture": "#0"},
				"east": {"uv": [0, 11.25, 0.75, 11.5], "texture": "#0"},
				"south": {"uv": [1.75, 11.25, 2, 11.5], "texture": "#0"},
				"west": {"uv": [1, 11.25, 1.75, 11.5], "texture": "#0"},
				"up": {"uv": [1, 11.25, 0.75, 10.5], "texture": "#0"},
				"down": {"uv": [1.25, 10.5, 1, 11.25], "texture": "#0"}
			}
		},
		{
			"name": "b03",
			"from": [6.5, 8.77514, -6.93515],
			"to": [7.5, 11.77514, -4.93515],
			"rotation": {"angle": -22.5, "axis": "x", "origin": [2.95897, 13.17141, -9]},
			"faces": {
				"north": {"uv": [11, 6.5, 11.25, 7.25], "texture": "#0"},
				"east": {"uv": [10.5, 6.5, 11, 7.25], "texture": "#0"},
				"south": {"uv": [11.75, 6.5, 12, 7.25], "texture": "#0"},
				"west": {"uv": [11.25, 6.5, 11.75, 7.25], "texture": "#0"},
				"up": {"uv": [11.25, 6.5, 11, 6], "texture": "#0"},
				"down": {"uv": [11.5, 6, 11.25, 6.5], "texture": "#0"}
			}
		},
		{
			"name": "b04",
			"from": [6.5, 11.77514, -6.93515],
			"to": [7.5, 12.77514, -5.93515],
			"rotation": {"angle": -22.5, "axis": "x", "origin": [2.95897, 16.17141, -9]},
			"faces": {
				"north": {"uv": [10.75, 9.75, 11, 10], "texture": "#0"},
				"east": {"uv": [10.5, 9.75, 10.75, 10], "texture": "#0"},
				"south": {"uv": [11.25, 9.75, 11.5, 10], "texture": "#0"},
				"west": {"uv": [11, 9.75, 11.25, 10], "texture": "#0"},
				"up": {"uv": [11, 9.75, 10.75, 9.5], "texture": "#0"},
				"down": {"uv": [11.25, 9.5, 11, 9.75], "texture": "#0"}
			}
		}
	],
	"display": {
		"head": {
			"rotation": [11, 0, 0],
			"translation": [-7.5, -30.25, 7.75],
			"scale": [2, 2, 2]
		}
	},
	"groups": [
		{
			"name": "right_arm",
			"origin": [-10, 0, 0],
			"color": 0,
			"children": [
				0,
				1,
				2,
				{
					"name": "knife",
					"origin": [3.20897, 14.5195, -7.60449],
					"rotation": [5, 0, 0],
					"color": 0,
					"children": [3, 4, 5, 6]
				}
			]
		}
	]
}