{
	"format_version": "1.21.6",
	"credit": "Made with Blockbench",
	"texture_size": [64, 64],
	"textures": {
		"0": "blockbench/gobelin1",
		"particle": "blockbench/gobelin1"
	},
	"elements": [
		{
			"name": "p01",
			"from": [6, 14, 1],
			"to": [8, 20, 3],
			"rotation": {"angle": 0, "axis": "x", "origin": [7, 14, 2]},
			"faces": {
				"north": {"uv": [9, 6.5, 9.5, 8], "texture": "#0"},
				"east": {"uv": [8.5, 6.5, 9, 8], "texture": "#0"},
				"south": {"uv": [10, 6.5, 10.5, 8], "texture": "#0"},
				"west": {"uv": [9.5, 6.5, 10, 8], "texture": "#0"},
				"up": {"uv": [9.5, 6.5, 9, 6], "texture": "#0"},
				"down": {"uv": [10, 6, 9.5, 6.5], "texture": "#0"}
			}
		},
		{
			"name": "p02",
			"from": [6, 8, -1.65],
			"to": [8, 15, 0.35],
			"rotation": {"angle": 22.5, "axis": "x", "origin": [7, 8, 0]},
			"faces": {
				"north": {"uv": [7, 8.75, 7.5, 10.5], "texture": "#0"},
				"east": {"uv": [6.5, 8.75, 7, 10.5], "texture": "#0"},
				"south": {"uv": [8, 8.75, 8.5, 10.5], "texture": "#0"},
				"west": {"uv": [7.5, 8.75, 8, 10.5], "texture": "#0"},
				"up": {"uv": [7.5, 8.75, 7, 8.25], "texture": "#0"},
				"down": {"uv": [8, 8.25, 7.5, 8.75], "texture": "#0"}
			}
		},
		{
			"name": "hand",
			"from": [6, 6.5, -2.5],
			"to": [8, 8.5, -0.5],
			"rotation": {"angle": 45, "axis": "x", "origin": [7, 7, -1]},
			"faces": {
				"north": {"uv": [2.5, 11, 3, 11.5], "texture": "#0"},
				"east": {"uv": [2, 11, 2.5, 11.5], "texture": "#0"},
				"south": {"uv": [3.5, 11, 4, 11.5], "texture": "#0"},
				"west": {"uv": [3, 11, 3.5, 11.5], "texture": "#0"},
				"up": {"uv": [3, 11, 2.5, 10.5], "texture": "#0"},
				"down": {"uv": [3.5, 10.5, 3, 11], "texture": "#0"}
			}
		}
	],
	"display": {
		"head": {
			"rotation": [11, 0, 0],
			"translation": [-7.5, -30.25, 7.75],
			"scale": [2, 2, 2]
		}
	},
	"groups": [
		{
			"name": "right_arm",
			"origin": [-10, 0, 0],
			"color": 0,
			"children": [0, 1, 2]
		}
	]
}