{
	"format_version": "1.21.6",
	"credit": "Made with Blockbench",
	"texture_size": [64, 64],
	"textures": {
		"1": "blockbench/gobelin1",
		"particle": "blockbench/gobelin1"
	},
	"elements": [
		{
			"name": "p01",
			"from": [6.95897, 8.34298, 7.24264],
			"to": [8.95897, 14.34298, 9.24264],
			"rotation": {"angle": 0, "axis": "x", "origin": [8, 14, 8]},
			"faces": {
				"north": {"uv": [4.5, 9, 5, 10.5], "texture": "#1"},
				"east": {"uv": [4, 9, 4.5, 10.5], "texture": "#1"},
				"south": {"uv": [5.5, 9, 6, 10.5], "texture": "#1"},
				"west": {"uv": [5, 9, 5.5, 10.5], "texture": "#1"},
				"up": {"uv": [5, 9, 4.5, 8.5], "texture": "#1"},
				"down": {"uv": [5.5, 8.5, 5, 9], "texture": "#1"}
			}
		},
		{
			"name": "p02",
			"from": [6.95897, 4, 10.7],
			"to": [8.95897, 11, 12.7],
			"rotation": {"angle": 45, "axis": "x", "origin": [8, 14, 8]},
			"faces": {
				"north": {"uv": [7, 6.5, 7.5, 8.25], "texture": "#1"},
				"east": {"uv": [6.5, 6.5, 7, 8.25], "texture": "#1"},
				"south": {"uv": [8, 6.5, 8.5, 8.25], "texture": "#1"},
				"west": {"uv": [7.5, 6.5, 8, 8.25], "texture": "#1"},
				"up": {"uv": [7.5, 6.5, 7, 6], "texture": "#1"},
				"down": {"uv": [8, 6, 7.5, 6.5], "texture": "#1"}
			}
		},
		{
			"name": "main",
			"from": [6.959, 6, -1.5],
			"to": [8.959, 8, 0.5],
			"rotation": {"angle": -22.5, "axis": "x", "origin": [8, 14, 8]},
			"faces": {
				"north": {"uv": [10, 5.5, 10.5, 6], "texture": "#1"},
				"east": {"uv": [9.5, 5.5, 10, 6], "texture": "#1"},
				"south": {"uv": [11, 5.5, 11.5, 6], "texture": "#1"},
				"west": {"uv": [10.5, 5.5, 11, 6], "texture": "#1"},
				"up": {"uv": [10.5, 5.5, 10, 5], "texture": "#1"},
				"down": {"uv": [11, 5, 10.5, 5.5], "texture": "#1"}
			}
		},
		{
			"name": "b01",
			"from": [7.5, 7.46566, -1],
			"to": [8.5, 9.46566, 0],
			"rotation": {"angle": -22.5, "axis": "x", "origin": [8, 14, 8]},
			"faces": {
				"north": {"uv": [10.75, 7.5, 11, 8], "texture": "#1"},
				"east": {"uv": [10.5, 7.5, 10.75, 8], "texture": "#1"},
				"south": {"uv": [11.25, 7.5, 11.5, 8], "texture": "#1"},
				"west": {"uv": [11, 7.5, 11.25, 8], "texture": "#1"},
				"up": {"uv": [11, 7.5, 10.75, 7.25], "texture": "#1"},
				"down": {"uv": [11.25, 7.25, 11, 7.5], "texture": "#1"}
			}
		},
		{
			"name": "b02",
			"from": [7.5, 9, -2],
			"to": [8.5, 10, 1],
			"rotation": {"angle": -22.5, "axis": "x", "origin": [8, 14, 8]},
			"faces": {
				"north": {"uv": [0.75, 11.25, 1, 11.5], "texture": "#1"},
				"east": {"uv": [0, 11.25, 0.75, 11.5], "texture": "#1"},
				"south": {"uv": [1.75, 11.25, 2, 11.5], "texture": "#1"},
				"west": {"uv": [1, 11.25, 1.75, 11.5], "texture": "#1"},
				"up": {"uv": [1, 11.25, 0.75, 10.5], "texture": "#1"},
				"down": {"uv": [1.25, 10.5, 1, 11.25], "texture": "#1"}
			}
		},
		{
			"name": "b03",
			"from": [7.5, 10, -1.5],
			"to": [8.5, 13, 0.5],
			"rotation": {"angle": -22.5, "axis": "x", "origin": [8, 14, 8]},
			"faces": {
				"north": {"uv": [11, 6.5, 11.25, 7.25], "texture": "#1"},
				"east": {"uv": [10.5, 6.5, 11, 7.25], "texture": "#1"},
				"south": {"uv": [11.75, 6.5, 12, 7.25], "texture": "#1"},
				"west": {"uv": [11.25, 6.5, 11.75, 7.25], "texture": "#1"},
				"up": {"uv": [11.25, 6.5, 11, 6], "texture": "#1"},
				"down": {"uv": [11.5, 6, 11.25, 6.5], "texture": "#1"}
			}
		},
		{
			"name": "b04",
			"from": [7.5, 13, -0.5],
			"to": [8.5, 14, 0.5],
			"rotation": {"angle": -22.5, "axis": "x", "origin": [8, 14, 8]},
			"faces": {
				"north": {"uv": [10.75, 9.75, 11, 10], "texture": "#1"},
				"east": {"uv": [10.5, 9.75, 10.75, 10], "texture": "#1"},
				"south": {"uv": [11.25, 9.75, 11.5, 10], "texture": "#1"},
				"west": {"uv": [11, 9.75, 11.25, 10], "texture": "#1"},
				"up": {"uv": [11, 9.75, 10.75, 9.5], "texture": "#1"},
				"down": {"uv": [11.25, 9.5, 11, 9.75], "texture": "#1"}
			}
		}
	],
	"display": {
		"head": {
			"translation": [10, -17, -0.5],
			"scale": [2, 2, 2]
		}
	},
	"groups": [
		{
			"name": "left_arm",
			"origin": [1.9074, 20.02581, -2.46558],
			"rotation": [0, 0, 2.5],
			"color": 0,
			"children": [
				0,
				1,
				{
					"name": "hand",
					"origin": [-1.04103, 0.17141, 0],
					"rotation": [0, 0, -2.5],
					"color": 0,
					"children": [
						2,
						{
							"name": "knife",
							"origin": [3.20897, 14.5195, -7.60449],
							"rotation": [5, 0, 0],
							"color": 0,
							"children": [3, 4, 5, 6]
						}
					]
				}
			]
		}
	]
}