{
	"format_version": "1.21.6",
	"credit": "Made with Blockbench",
	"texture_size": [64, 64],
	"textures": {
		"0": "blockbench/goruk_pyro",
		"particle": "blockbench/goruk_pyro"
	},
	"elements": [
		{
			"from": [5, 13, -1],
			"to": [7, 18, 1],
			"rotation": {"angle": 0, "axis": "y", "origin": [6, 13, 0]},
			"faces": {
				"north": {"uv": [0.5, 9, 1, 10.25], "texture": "#0"},
				"east": {"uv": [0, 9, 0.5, 10.25], "texture": "#0"},
				"south": {"uv": [1.5, 9, 2, 10.25], "texture": "#0"},
				"west": {"uv": [1, 9, 1.5, 10.25], "texture": "#0"},
				"up": {"uv": [1, 9, 0.5, 8.5], "texture": "#0"},
				"down": {"uv": [1.5, 8.5, 1, 9], "texture": "#0"}
			}
		},
		{
			"from": [5, 9.8, -5.9],
			"to": [7, 16.8, -3.9],
			"rotation": {"angle": 45, "axis": "x", "origin": [6, 9, -6]},
			"faces": {
				"north": {"uv": [3.5, 7.5, 4, 9.25], "texture": "#0"},
				"east": {"uv": [3, 7.5, 3.5, 9.25], "texture": "#0"},
				"south": {"uv": [4.5, 7.5, 5, 9.25], "texture": "#0"},
				"west": {"uv": [4, 7.5, 4.5, 9.25], "texture": "#0"},
				"up": {"uv": [4, 7.5, 3.5, 7], "texture": "#0"},
				"down": {"uv": [4.5, 7, 4, 7.5], "texture": "#0"}
			}
		},
		{
			"from": [5, 7.5, -6.32],
			"to": [7, 9.5, -4.32],
			"rotation": {"angle": 45, "axis": "x", "origin": [6, 8, -5]},
			"faces": {
				"north": {"uv": [10.5, 0.5, 11, 1], "texture": "#0"},
				"east": {"uv": [10, 0.5, 10.5, 1], "texture": "#0"},
				"south": {"uv": [11.5, 0.5, 12, 1], "texture": "#0"},
				"west": {"uv": [11, 0.5, 11.5, 1], "texture": "#0"},
				"up": {"uv": [11, 0.5, 10.5, 0], "texture": "#0"},
				"down": {"uv": [11.5, 0, 11, 0.5], "texture": "#0"}
			}
		},
		{
			"from": [5.5, 9, -6],
			"to": [6.5, 14, -5],
			"rotation": {"angle": -45, "axis": "x", "origin": [7, 9, -5]},
			"faces": {
				"north": {"uv": [6.25, 10.25, 6.5, 11.5], "texture": "#0"},
				"east": {"uv": [6, 10.25, 6.25, 11.5], "texture": "#0"},
				"south": {"uv": [6.75, 10.25, 7, 11.5], "texture": "#0"},
				"west": {"uv": [6.5, 10.25, 6.75, 11.5], "texture": "#0"},
				"up": {"uv": [6.5, 10.25, 6.25, 10], "texture": "#0"},
				"down": {"uv": [6.75, 10, 6.5, 10.25], "texture": "#0"}
			}
		},
		{
			"from": [5, 12, -10],
			"to": [7, 13, -8],
			"rotation": {"angle": -45, "axis": "x", "origin": [6, 12, -9]},
			"faces": {
				"north": {"uv": [8, 3.5, 8.5, 3.75], "texture": "#0"},
				"east": {"uv": [7.5, 3.5, 8, 3.75], "texture": "#0"},
				"south": {"uv": [9, 3.5, 9.5, 3.75], "texture": "#0"},
				"west": {"uv": [8.5, 3.5, 9, 3.75], "texture": "#0"},
				"up": {"uv": [8.5, 3.5, 8, 3], "texture": "#0"},
				"down": {"uv": [9, 3, 8.5, 3.5], "texture": "#0"}
			}
		}
	],
	"display": {
		"head": {
			"translation": [16.25, -27.75, 15.75],
			"scale": [2, 2, 2]
		}
	},
	"groups": [
		{
			"name": "lefthand",
			"origin": [5, 17, 0],
			"color": 0,
			"children": [0, 1, 2, 3, 4]
		}
	]
}