{
	"format_version": "1.21.6",
	"credit": "Made with Blockbench",
	"texture_size": [64, 64],
	"textures": {
		"0": "blockbench/goruk_pyro",
		"particle": "blockbench/goruk_pyro"
	},
	"elements": [
		{
			"from": [-7, 13, -1],
			"to": [-5, 18, 1],
			"rotation": {"angle": 0, "axis": "y", "origin": [-6, 13, 0]},
			"faces": {
				"north": {"uv": [9.5, 8.75, 10, 10], "texture": "#0"},
				"east": {"uv": [9, 8.75, 9.5, 10], "texture": "#0"},
				"south": {"uv": [10.5, 8.75, 11, 10], "texture": "#0"},
				"west": {"uv": [10, 8.75, 10.5, 10], "texture": "#0"},
				"up": {"uv": [10, 8.75, 9.5, 8.25], "texture": "#0"},
				"down": {"uv": [10.5, 8.25, 10, 8.75], "texture": "#0"}
			}
		},
		{
			"from": [-7, 9.3, -2.6],
			"to": [-5, 14.3, -0.6],
			"rotation": {"angle": 22.5, "axis": "x", "origin": [-6, 10, -3]},
			"faces": {
				"north": {"uv": [2.5, 9.75, 3, 11], "texture": "#0"},
				"east": {"uv": [2, 9.75, 2.5, 11], "texture": "#0"},
				"south": {"uv": [3.5, 9.75, 4, 11], "texture": "#0"},
				"west": {"uv": [3, 9.75, 3.5, 11], "texture": "#0"},
				"up": {"uv": [3, 9.75, 2.5, 9.25], "texture": "#0"},
				"down": {"uv": [3.5, 9.25, 3, 9.75], "texture": "#0"}
			}
		},
		{
			"from": [-7, 7, -3.75],
			"to": [-5, 9, -1.75],
			"rotation": {"angle": 22.5, "axis": "x", "origin": [-6, 7, -2]},
			"faces": {
				"north": {"uv": [10.5, 1.5, 11, 2], "texture": "#0"},
				"east": {"uv": [10, 1.5, 10.5, 2], "texture": "#0"},
				"south": {"uv": [11.5, 1.5, 12, 2], "texture": "#0"},
				"west": {"uv": [11, 1.5, 11.5, 2], "texture": "#0"},
				"up": {"uv": [11, 1.5, 10.5, 1], "texture": "#0"},
				"down": {"uv": [11.5, 1, 11, 1.5], "texture": "#0"}
			}
		}
	],
	"display": {
		"head": {
			"translation": [16.25, -27.75, 15.75],
			"scale": [2, 2, 2]
		}
	},
	"groups": [
		{
			"name": "righthand",
			"origin": [-5, 17, 0],
			"color": 0,
			"children": [0, 1, 2]
		}
	]
}