{
	"format_version": "1.21.6",
	"credit": "Made with Blockbench",
	"texture_size": [64, 64],
	"textures": {
		"0": "blockbench/goruk_pyro",
		"particle": "blockbench/goruk_pyro"
	},
	"elements": [
		{
			"from": [-4, 5, -3],
			"to": [-2, 9, -1],
			"rotation": {"angle": 22.5, "axis": "x", "origin": [-3, 5, -2]},
			"faces": {
				"north": {"uv": [10, 5, 10.5, 6], "texture": "#0"},
				"east": {"uv": [9.5, 5, 10, 6], "texture": "#0"},
				"south": {"uv": [11, 5, 11.5, 6], "texture": "#0"},
				"west": {"uv": [10.5, 5, 11, 6], "texture": "#0"},
				"up": {"uv": [10.5, 5, 10, 4.5], "texture": "#0"},
				"down": {"uv": [11, 4.5, 10.5, 5], "texture": "#0"}
			}
		},
		{
			"from": [-4, 1, -0.98],
			"to": [-2, 6, 1.02],
			"rotation": {"angle": -22.5, "axis": "x", "origin": [-3, 1, -1]},
			"faces": {
				"north": {"uv": [7.5, 8.75, 8, 10], "texture": "#0"},
				"east": {"uv": [7, 8.75, 7.5, 10], "texture": "#0"},
				"south": {"uv": [8.5, 8.75, 9, 10], "texture": "#0"},
				"west": {"uv": [8, 8.75, 8.5, 10], "texture": "#0"},
				"up": {"uv": [8, 8.75, 7.5, 8.25], "texture": "#0"},
				"down": {"uv": [8.5, 8.25, 8, 8.75], "texture": "#0"}
			}
		},
		{
			"from": [-4, 0, -3],
			"to": [-2, 2, 1],
			"rotation": {"angle": 0, "axis": "y", "origin": [-3, 0, -2]},
			"faces": {
				"north": {"uv": [7.5, 6.25, 8, 6.75], "texture": "#0"},
				"east": {"uv": [6.5, 6.25, 7.5, 6.75], "texture": "#0"},
				"south": {"uv": [9, 6.25, 9.5, 6.75], "texture": "#0"},
				"west": {"uv": [8, 6.25, 9, 6.75], "texture": "#0"},
				"up": {"uv": [8, 6.25, 7.5, 5.25], "texture": "#0"},
				"down": {"uv": [8.5, 5.25, 8, 6.25], "texture": "#0"}
			}
		}
	],
	"display": {
		"head": {
			"translation": [15.25, -27.25, 17.25],
			"scale": [2, 2, 2]
		}
	},
	"groups": [
		{
			"name": "rightfeet",
			"origin": [-3, 7, 0],
			"color": 0,
			"children": [0, 1, 2]
		}
	]
}