{
	"format_version": "1.21.6",
	"credit": "Made with Blockbench",
	"texture_size": [64, 64],
	"textures": {
		"0": "blockbench/goruk_pyro",
		"particle": "blockbench/goruk_pyro"
	},
	"elements": [
		{
			"from": [-5, 8, -3],
			"to": [5, 18, 2],
			"rotation": {"angle": 0, "axis": "y", "origin": [0, 13, 0]},
			"faces": {
				"north": {"uv": [1.25, 1.25, 3.75, 3.75], "texture": "#0"},
				"east": {"uv": [0, 1.25, 1.25, 3.75], "texture": "#0"},
				"south": {"uv": [5, 1.25, 7.5, 3.75], "texture": "#0"},
				"west": {"uv": [3.75, 1.25, 5, 3.75], "texture": "#0"},
				"up": {"uv": [3.75, 1.25, 1.25, 0], "texture": "#0"},
				"down": {"uv": [6.25, 0, 3.75, 1.25], "texture": "#0"}
			}
		}
	],
	"display": {
		"head": {
			"translation": [16, -27.25, 16.5],
			"scale": [2, 2, 2]
		}
	}
}