{
	"format_version": "1.21.6",
	"credit": "Made with Blockbench",
	"texture_size": [64, 64],
	"textures": {
		"0": "blockbench/goruk_pyro",
		"particle": "blockbench/goruk_pyro"
	},
	"elements": [
		{
			"name": "main",
			"from": [-3.5, 18, -4],
			"to": [3.5, 25, 2],
			"rotation": {"angle": 0, "axis": "y", "origin": [-2, 18, -3]},
			"faces": {
				"north": {"uv": [1.5, 5.25, 3.25, 7], "texture": "#0"},
				"east": {"uv": [0, 5.25, 1.5, 7], "texture": "#0"},
				"south": {"uv": [4.75, 5.25, 6.5, 7], "texture": "#0"},
				"west": {"uv": [3.25, 5.25, 4.75, 7], "texture": "#0"},
				"up": {"uv": [3.25, 5.25, 1.5, 3.75], "texture": "#0"},
				"down": {"uv": [5, 3.75, 3.25, 5.25], "texture": "#0"}
			}
		},
		{
			"name": "nose",
			"from": [-1, 18, -5.5],
			"to": [1, 22, -3.5],
			"rotation": {"angle": 0, "axis": "y", "origin": [2, 18, -5]},
			"faces": {
				"north": {"uv": [10, 6.5, 10.5, 7.5], "texture": "#0"},
				"east": {"uv": [9.5, 6.5, 10, 7.5], "texture": "#0"},
				"south": {"uv": [11, 6.5, 11.5, 7.5], "texture": "#0"},
				"west": {"uv": [10.5, 6.5, 11, 7.5], "texture": "#0"},
				"up": {"uv": [10.5, 6.5, 10, 6], "texture": "#0"},
				"down": {"uv": [11, 6, 10.5, 6.5], "texture": "#0"}
			}
		},
		{
			"name": "p1",
			"from": [-4.5, 22, 0],
			"to": [-3.5, 23, 5],
			"rotation": {"angle": -45, "axis": "x", "origin": [-4, 22, 1]},
			"faces": {
				"north": {"uv": [7.75, 8, 8, 8.25], "texture": "#0"},
				"east": {"uv": [6.5, 8, 7.75, 8.25], "texture": "#0"},
				"south": {"uv": [9.25, 8, 9.5, 8.25], "texture": "#0"},
				"west": {"uv": [8, 8, 9.25, 8.25], "texture": "#0"},
				"up": {"uv": [8, 8, 7.75, 6.75], "texture": "#0"},
				"down": {"uv": [8.25, 6.75, 8, 8], "texture": "#0"}
			}
		},
		{
			"name": "p2",
			"from": [-4.5, 21, -1],
			"to": [-3.5, 23, 3],
			"rotation": {"angle": -22.5, "axis": "x", "origin": [-4, 21, 0]},
			"faces": {
				"north": {"uv": [8.5, 1, 8.75, 1.5], "texture": "#0"},
				"east": {"uv": [7.5, 1, 8.5, 1.5], "texture": "#0"},
				"south": {"uv": [9.75, 1, 10, 1.5], "texture": "#0"},
				"west": {"uv": [8.75, 1, 9.75, 1.5], "texture": "#0"},
				"up": {"uv": [8.75, 1, 8.5, 0], "texture": "#0"},
				"down": {"uv": [9, 0, 8.75, 1], "texture": "#0"}
			}
		},
		{
			"name": "p3",
			"from": [-4.5, 23, 2],
			"to": [-3.5, 24, 5],
			"rotation": {"angle": -45, "axis": "x", "origin": [-4, 22, 3]},
			"faces": {
				"north": {"uv": [10.75, 2.75, 11, 3], "texture": "#0"},
				"east": {"uv": [10, 2.75, 10.75, 3], "texture": "#0"},
				"south": {"uv": [11.75, 2.75, 12, 3], "texture": "#0"},
				"west": {"uv": [11, 2.75, 11.75, 3], "texture": "#0"},
				"up": {"uv": [11, 2.75, 10.75, 2], "texture": "#0"},
				"down": {"uv": [11.25, 2, 11, 2.75], "texture": "#0"}
			}
		},
		{
			"name": "p1",
			"from": [3.5, 22, 0],
			"to": [4.5, 23, 5],
			"rotation": {"angle": -45, "axis": "x", "origin": [12, 22, 1]},
			"faces": {
				"north": {"uv": [1.25, 8.25, 1.5, 8.5], "texture": "#0"},
				"east": {"uv": [0, 8.25, 1.25, 8.5], "texture": "#0"},
				"south": {"uv": [2.75, 8.25, 3, 8.5], "texture": "#0"},
				"west": {"uv": [1.5, 8.25, 2.75, 8.5], "texture": "#0"},
				"up": {"uv": [1.5, 8.25, 1.25, 7], "texture": "#0"},
				"down": {"uv": [1.75, 7, 1.5, 8.25], "texture": "#0"}
			}
		},
		{
			"name": "p2",
			"from": [3.5, 21, -1],
			"to": [4.5, 23, 3],
			"rotation": {"angle": -22.5, "axis": "x", "origin": [12, 21, 0]},
			"faces": {
				"north": {"uv": [8.5, 2.5, 8.75, 3], "texture": "#0"},
				"east": {"uv": [7.5, 2.5, 8.5, 3], "texture": "#0"},
				"south": {"uv": [9.75, 2.5, 10, 3], "texture": "#0"},
				"west": {"uv": [8.75, 2.5, 9.75, 3], "texture": "#0"},
				"up": {"uv": [8.75, 2.5, 8.5, 1.5], "texture": "#0"},
				"down": {"uv": [9, 1.5, 8.75, 2.5], "texture": "#0"}
			}
		},
		{
			"name": "p3",
			"from": [3.5, 23, 2],
			"to": [4.5, 24, 5],
			"rotation": {"angle": -45, "axis": "x", "origin": [12, 22, 3]},
			"faces": {
				"north": {"uv": [4.75, 10.75, 5, 11], "texture": "#0"},
				"east": {"uv": [4, 10.75, 4.75, 11], "texture": "#0"},
				"south": {"uv": [5.75, 10.75, 6, 11], "texture": "#0"},
				"west": {"uv": [5, 10.75, 5.75, 11], "texture": "#0"},
				"up": {"uv": [5, 10.75, 4.75, 10], "texture": "#0"},
				"down": {"uv": [5.25, 10, 5, 10.75], "texture": "#0"}
			}
		}
	],
	"display": {
		"head": {
			"translation": [15.75, -27.25, 17.5],
			"scale": [2, 2, 2]
		}
	},
	"groups": [
		{
			"name": "head",
			"origin": [0, 18.5, -0.75],
			"color": 0,
			"children": [
				0,
				1,
				{
					"name": "hear",
					"origin": [0, -3, 2],
					"color": 0,
					"children": [2, 3, 4]
				},
				{
					"name": "hear2",
					"origin": [16, -3, 2],
					"color": 0,
					"children": [5, 6, 7]
				}
			]
		}
	]
}
