{"format_version":"1.21.6","credit":"Made with Blockbench","textures":{"1":"item/champion_headband"},"elements":[{"name":"p0","from":[3.5,29,3.5],"to":[12,31,4],"rotation":{"angle":0,"axis":"y","origin":[3,29,3]},"faces":{"north":{"uv":[16,11,24,13],"texture":"#1"},"east":{"uv":[16,11,16,13],"texture":"#1"},"south":{"uv":[24,11,32,13],"texture":"#1"},"west":{"uv":[24,11,24,13],"texture":"#1"},"up":{"uv":[24,11,16,11],"texture":"#1"},"down":{"uv":[32,11,24,11],"texture":"#1"}}},{"name":"p1","from":[3.5,29,12],"to":[12,31,12.5],"rotation":{"angle":0,"axis":"y","origin":[3,29,12]},"faces":{"north":{"uv":[0,0,8,2],"texture":"#1"},"east":{"uv":[0,0,0,2],"texture":"#1"},"south":{"uv":[8,0,16,2],"texture":"#1"},"west":{"uv":[8,0,8,2],"texture":"#1"},"up":{"uv":[8,0,0,0],"texture":"#1"},"down":{"uv":[16,0,8,0],"texture":"#1"}}},{"name":"p2","from":[3.5,29,4],"to":[4,31,12],"rotation":{"angle":0,"axis":"y","origin":[3,29,4]},"faces":{"north":{"uv":[8,19,8,21],"texture":"#1"},"east":{"uv":[0,19,8,21],"texture":"#1"},"south":{"uv":[16,19,16,21],"texture":"#1"},"west":{"uv":[8,19,16,21],"texture":"#1"},"up":{"uv":[8,19,8,11],"texture":"#1"},"down":{"uv":[8,11,8,19],"texture":"#1"}}},{"name":"p3","from":[12,29,3.5],"to":[12.5,31,12.5],"rotation":{"angle":0,"axis":"y","origin":[12,29,3]},"faces":{"north":{"uv":[9,9,9,11],"texture":"#1"},"east":{"uv":[0,9,9,11],"texture":"#1"},"south":{"uv":[18,9,18,11],"texture":"#1"},"west":{"uv":[9,9,18,11],"texture":"#1"},"up":{"uv":[9,9,9,0],"texture":"#1"},"down":{"uv":[9,0,9,9],"texture":"#1"}}}],"display":{"thirdperson_righthand":{"translation":[0,-12.5,0],"scale":[0.5,0.5,0.5]},"ground":{"translation":[0,-22.75,0]},"gui":{"rotation":[15,-124,0],"translation":[0.5,-21.25,0]},"head":{"rotation":[0,90,0],"translation":[0,-35,0],"scale":[1.75,1.75,1.75]},"fixed":{"rotation":[0,90,0],"translation":[0,-21,0]}},"groups":[{"name":"champion_headband","origin":[8,24,8],"color":0,"children":[0,1,2,3]}]}