{
	"format_version": "1.21.6",
	"credit": "Made with Blockbench",
	"texture_size": [32, 32],
	"textures": {
		"1": "item/bowser_shell"
	},
	"elements": [
		{
			"from": [5, 3, 7],
			"to": [10, 10, 9],
			"rotation": {"angle": 0, "axis": "y", "origin": [7, 3, 5]},
			"faces": {
				"north": {"uv": [0, 0, 2.5, 3.5], "texture": "#1"},
				"east": {"uv": [0, 3.5, 1, 7], "texture": "#1"},
				"south": {"uv": [2.5, 0, 5, 3.5], "texture": "#1"},
				"west": {"uv": [1, 3.5, 2, 7], "texture": "#1"},
				"up": {"uv": [4.5, 4.5, 2, 3.5], "texture": "#1"},
				"down": {"uv": [4.5, 4.5, 2, 5.5], "texture": "#1"}
			}
		},
		{
			"from": [5, 10, 6],
			"to": [10, 11, 7],
			"rotation": {"angle": 0, "axis": "y", "origin": [7, 2, 3]},
			"faces": {
				"north": {"uv": [5.5, 3.5, 8, 4], "texture": "#1"},
				"east": {"uv": [0, 8.5, 0.5, 9], "texture": "#1"},
				"south": {"uv": [5.5, 4, 8, 4.5], "texture": "#1"},
				"west": {"uv": [8.5, 0, 9, 0.5], "texture": "#1"},
				"up": {"uv": [8, 5, 5.5, 4.5], "texture": "#1"},
				"down": {"uv": [8, 5, 5.5, 5.5], "texture": "#1"}
			}
		},
		{
			"from": [5, 2, 6],
			"to": [10, 3, 7],
			"rotation": {"angle": 0, "axis": "y", "origin": [7, -6, 3]},
			"faces": {
				"north": {"uv": [5.5, 5.5, 8, 6], "texture": "#1"},
				"east": {"uv": [0.5, 8.5, 1, 9], "texture": "#1"},
				"south": {"uv": [6, 0, 8.5, 0.5], "texture": "#1"},
				"west": {"uv": [8.5, 0.5, 9, 1], "texture": "#1"},
				"up": {"uv": [8.5, 1, 6, 0.5], "texture": "#1"},
				"down": {"uv": [8.5, 1, 6, 1.5], "texture": "#1"}
			}
		},
		{
			"from": [4, 3, 6],
			"to": [5, 10, 7],
			"rotation": {"angle": 0, "axis": "y", "origin": [2, 2, 3]},
			"faces": {
				"north": {"uv": [4.5, 3.5, 5, 7], "texture": "#1"},
				"east": {"uv": [5, 0, 5.5, 3.5], "texture": "#1"},
				"south": {"uv": [5, 3.5, 5.5, 7], "texture": "#1"},
				"west": {"uv": [5.5, 0, 6, 3.5], "texture": "#1"},
				"up": {"uv": [9, 1.5, 8.5, 1], "texture": "#1"},
				"down": {"uv": [9, 1.5, 8.5, 2], "texture": "#1"}
			}
		},
		{
			"from": [10, 3, 6],
			"to": [11, 10, 7],
			"rotation": {"angle": 0, "axis": "y", "origin": [8, 2, 3]},
			"faces": {
				"north": {"uv": [2, 5.5, 2.5, 9], "texture": "#1"},
				"east": {"uv": [2.5, 5.5, 3, 9], "texture": "#1"},
				"south": {"uv": [3, 5.5, 3.5, 9], "texture": "#1"},
				"west": {"uv": [3.5, 5.5, 4, 9], "texture": "#1"},
				"up": {"uv": [9, 3.5, 8.5, 3], "texture": "#1"},
				"down": {"uv": [9, 3.5, 8.5, 4], "texture": "#1"}
			}
		},
		{
			"from": [7, 9, 8],
			"to": [8, 10, 10],
			"rotation": {"angle": -45, "axis": "x", "origin": [7, 9, 8]},
			"faces": {
				"north": {"uv": [4, 8.5, 4.5, 9], "texture": "#1"},
				"east": {"uv": [6, 1.5, 7, 2], "texture": "#1"},
				"south": {"uv": [8.5, 4, 9, 4.5], "texture": "#1"},
				"west": {"uv": [6, 2, 7, 2.5], "texture": "#1"},
				"up": {"uv": [4.5, 6.5, 4, 5.5], "texture": "#1"},
				"down": {"uv": [6.5, 2.5, 6, 3.5], "texture": "#1"}
			}
		},
		{
			"from": [7, 8, 8],
			"to": [8, 9, 10],
			"rotation": {"angle": 0, "axis": "x", "origin": [7, 8, 8]},
			"faces": {
				"north": {"uv": [5, 8.5, 5.5, 9], "texture": "#1"},
				"east": {"uv": [5.5, 6, 6.5, 6.5], "texture": "#1"},
				"south": {"uv": [8.5, 5, 9, 5.5], "texture": "#1"},
				"west": {"uv": [6.5, 2.5, 7.5, 3], "texture": "#1"},
				"up": {"uv": [4.5, 7.5, 4, 6.5], "texture": "#1"},
				"down": {"uv": [6, 6.5, 5.5, 7.5], "texture": "#1"}
			}
		},
		{
			"from": [7, 6, 8],
			"to": [8, 7, 10],
			"rotation": {"angle": 0, "axis": "x", "origin": [7, 6, 8]},
			"faces": {
				"north": {"uv": [5.5, 8.5, 6, 9], "texture": "#1"},
				"east": {"uv": [6.5, 3, 7.5, 3.5], "texture": "#1"},
				"south": {"uv": [8.5, 5.5, 9, 6], "texture": "#1"},
				"west": {"uv": [6, 6.5, 7, 7], "texture": "#1"},
				"up": {"uv": [0.5, 8, 0, 7], "texture": "#1"},
				"down": {"uv": [1, 7, 0.5, 8], "texture": "#1"}
			}
		},
		{
			"from": [9, 6, 8],
			"to": [10, 7, 10],
			"rotation": {"angle": 45, "axis": "y", "origin": [9, 6, 8]},
			"faces": {
				"north": {"uv": [8.5, 6, 9, 6.5], "texture": "#1"},
				"east": {"uv": [6.5, 6, 7.5, 6.5], "texture": "#1"},
				"south": {"uv": [6.5, 8.5, 7, 9], "texture": "#1"},
				"west": {"uv": [1, 7, 2, 7.5], "texture": "#1"},
				"up": {"uv": [7.5, 2.5, 7, 1.5], "texture": "#1"},
				"down": {"uv": [5, 7, 4.5, 8], "texture": "#1"}
			}
		},
		{
			"from": [9, 8, 8],
			"to": [10, 9, 10],
			"rotation": {"angle": 45, "axis": "y", "origin": [9, 8, 8]},
			"faces": {
				"north": {"uv": [7, 8.5, 7.5, 9], "texture": "#1"},
				"east": {"uv": [6, 7, 7, 7.5], "texture": "#1"},
				"south": {"uv": [8.5, 7, 9, 7.5], "texture": "#1"},
				"west": {"uv": [7, 6.5, 8, 7], "texture": "#1"},
				"up": {"uv": [5.5, 8, 5, 7], "texture": "#1"},
				"down": {"uv": [7.5, 7, 7, 8], "texture": "#1"}
			}
		},
		{
			"from": [9, 4, 8],
			"to": [10, 5, 10],
			"rotation": {"angle": 45, "axis": "y", "origin": [9, 4, 8]},
			"faces": {
				"north": {"uv": [7.5, 8.5, 8, 9], "texture": "#1"},
				"east": {"uv": [1, 7.5, 2, 8], "texture": "#1"},
				"south": {"uv": [8.5, 7.5, 9, 8], "texture": "#1"},
				"west": {"uv": [7.5, 1.5, 8.5, 2], "texture": "#1"},
				"up": {"uv": [8, 3, 7.5, 2], "texture": "#1"},
				"down": {"uv": [4.5, 7.5, 4, 8.5], "texture": "#1"}
			}
		},
		{
			"from": [7, 4, 8],
			"to": [8, 5, 10],
			"rotation": {"angle": 0, "axis": "x", "origin": [7, 4, 8]},
			"faces": {
				"north": {"uv": [8.5, 8, 9, 8.5], "texture": "#1"},
				"east": {"uv": [7.5, 3, 8.5, 3.5], "texture": "#1"},
				"south": {"uv": [8.5, 8.5, 9, 9], "texture": "#1"},
				"west": {"uv": [5.5, 7.5, 6.5, 8], "texture": "#1"},
				"up": {"uv": [7, 8.5, 6.5, 7.5], "texture": "#1"},
				"down": {"uv": [8, 7, 7.5, 8], "texture": "#1"}
			}
		},
		{
			"from": [5.3, 4, 8],
			"to": [6.3, 5, 10],
			"rotation": {"angle": -45, "axis": "y", "origin": [6, 4, 8]},
			"faces": {
				"north": {"uv": [0, 9, 0.5, 9.5], "texture": "#1"},
				"east": {"uv": [7.5, 6, 8.5, 6.5], "texture": "#1"},
				"south": {"uv": [9, 0, 9.5, 0.5], "texture": "#1"},
				"west": {"uv": [0, 8, 1, 8.5], "texture": "#1"},
				"up": {"uv": [1.5, 9, 1, 8], "texture": "#1"},
				"down": {"uv": [2, 8, 1.5, 9], "texture": "#1"}
			}
		},
		{
			"from": [5.3, 6, 8],
			"to": [6.3, 7, 10],
			"rotation": {"angle": -45, "axis": "y", "origin": [6, 6, 8]},
			"faces": {
				"north": {"uv": [0.5, 9, 1, 9.5], "texture": "#1"},
				"east": {"uv": [8, 2, 9, 2.5], "texture": "#1"},
				"south": {"uv": [9, 0.5, 9.5, 1], "texture": "#1"},
				"west": {"uv": [8, 2.5, 9, 3], "texture": "#1"},
				"up": {"uv": [8.5, 4.5, 8, 3.5], "texture": "#1"},
				"down": {"uv": [5, 8, 4.5, 9], "texture": "#1"}
			}
		},
		{
			"from": [5.3, 8, 8],
			"to": [6.3, 9, 10],
			"rotation": {"angle": -45, "axis": "y", "origin": [6, 8, 8]},
			"faces": {
				"north": {"uv": [1, 9, 1.5, 9.5], "texture": "#1"},
				"east": {"uv": [8, 4.5, 9, 5], "texture": "#1"},
				"south": {"uv": [9, 1, 9.5, 1.5], "texture": "#1"},
				"west": {"uv": [5, 8, 6, 8.5], "texture": "#1"},
				"up": {"uv": [8.5, 6, 8, 5], "texture": "#1"},
				"down": {"uv": [6.5, 8, 6, 9], "texture": "#1"}
			}
		},
		{
			"from": [7, 3, 7],
			"to": [8, 4, 9],
			"rotation": {"angle": 45, "axis": "x", "origin": [7, 3, 7]},
			"faces": {
				"north": {"uv": [1.5, 9, 2, 9.5], "texture": "#1"},
				"east": {"uv": [8, 6.5, 9, 7], "texture": "#1"},
				"south": {"uv": [9, 1.5, 9.5, 2], "texture": "#1"},
				"west": {"uv": [7, 8, 8, 8.5], "texture": "#1"},
				"up": {"uv": [8.5, 8, 8, 7], "texture": "#1"},
				"down": {"uv": [8.5, 8, 8, 9], "texture": "#1"}
			}
		}
	],
	"display": {
		"thirdperson_righthand": {
			"translation": [-5.5, 2.25, 16]
		},
		"gui": {
			"rotation": [-11, -26, 0],
			"translation": [0, 2.5, 0],
			"scale": [1.6, 1.6, 1.6]
		},
		"head": {
			"translation": [1, -49, 8],
			"scale": [2.5, 2.5, 2.5]
		}
	},
	"groups": [
		{
			"name": "carapace bowser",
			"origin": [8, 8, 8],
			"color": 0,
			"children": [0, 1, 2, 3, 4, 5, 6, 7, 8, 9, 10, 11, 12, 13, 14, 15]
		}
	]
}