{
	"format_version": "1.21.6",
	"credit": "Made with Blockbench",
	"texture_size": [64, 64],
	"textures": {
		"0": "F:/texture_du_drone",
		"particle": "F:/texture_du_drone"
	},
	"elements": [
		{
			"from": [5, 0, 3],
			"to": [11, 1, 12],
			"rotation": {"angle": 0, "axis": "y", "origin": [8, 0.5, 8.5]},
			"faces": {
				"north": {"uv": [2.25, 2.25, 3.75, 2.5], "texture": "#0"},
				"east": {"uv": [0, 2.25, 2.25, 2.5], "texture": "#0"},
				"south": {"uv": [6, 2.25, 7.5, 2.5], "texture": "#0"},
				"west": {"uv": [3.75, 2.25, 6, 2.5], "texture": "#0"},
				"up": {"uv": [3.75, 2.25, 2.25, 0], "texture": "#0"},
				"down": {"uv": [5.25, 0, 3.75, 2.25], "texture": "#0"}
			}
		},
		{
			"from": [4, 0, 2],
			"to": [6, 1, 4],
			"rotation": {"angle": 0, "axis": "y", "origin": [8, 0.5, 8.5]},
			"faces": {
				"north": {"uv": [7, 4, 7.5, 4.25], "texture": "#0"},
				"east": {"uv": [6.5, 4, 7, 4.25], "texture": "#0"},
				"south": {"uv": [8, 4, 8.5, 4.25], "texture": "#0"},
				"west": {"uv": [7.5, 4, 8, 4.25], "texture": "#0"},
				"up": {"uv": [7.5, 4, 7, 3.5], "texture": "#0"},
				"down": {"uv": [8, 3.5, 7.5, 4], "texture": "#0"}
			}
		},
		{
			"from": [10, 0, 2],
			"to": [12, 1, 4],
			"rotation": {"angle": 0, "axis": "y", "origin": [8, 0.5, 8.5]},
			"faces": {
				"north": {"uv": [7, 5.5, 7.5, 5.75], "texture": "#0"},
				"east": {"uv": [6.5, 5.5, 7, 5.75], "texture": "#0"},
				"south": {"uv": [8, 5.5, 8.5, 5.75], "texture": "#0"},
				"west": {"uv": [7.5, 5.5, 8, 5.75], "texture": "#0"},
				"up": {"uv": [7.5, 5.5, 7, 5], "texture": "#0"},
				"down": {"uv": [8, 5, 7.5, 5.5], "texture": "#0"}
			}
		},
		{
			"from": [10, 0, 11],
			"to": [12, 1, 13],
			"rotation": {"angle": 0, "axis": "y", "origin": [8, 0.5, 8.5]},
			"faces": {
				"north": {"uv": [7, 6.25, 7.5, 6.5], "texture": "#0"},
				"east": {"uv": [6.5, 6.25, 7, 6.5], "texture": "#0"},
				"south": {"uv": [8, 6.25, 8.5, 6.5], "texture": "#0"},
				"west": {"uv": [7.5, 6.25, 8, 6.5], "texture": "#0"},
				"up": {"uv": [7.5, 6.25, 7, 5.75], "texture": "#0"},
				"down": {"uv": [8, 5.75, 7.5, 6.25], "texture": "#0"}
			}
		},
		{
			"from": [4, 0, 11],
			"to": [6, 1, 13],
			"rotation": {"angle": 0, "axis": "y", "origin": [8, 0.5, 8.5]},
			"faces": {
				"north": {"uv": [4.5, 7.75, 5, 8], "texture": "#0"},
				"east": {"uv": [4, 7.75, 4.5, 8], "texture": "#0"},
				"south": {"uv": [5.5, 7.75, 6, 8], "texture": "#0"},
				"west": {"uv": [5, 7.75, 5.5, 8], "texture": "#0"},
				"up": {"uv": [5, 7.75, 4.5, 7.25], "texture": "#0"},
				"down": {"uv": [5.5, 7.25, 5, 7.75], "texture": "#0"}
			}
		},
		{
			"from": [10, 0, 11],
			"to": [12, 1, 13],
			"rotation": {"angle": 0, "axis": "y", "origin": [8, 0.5, 8.5]},
			"faces": {
				"north": {"uv": [0.5, 7.5, 1, 7.75], "texture": "#0"},
				"east": {"uv": [0, 7.5, 0.5, 7.75], "texture": "#0"},
				"south": {"uv": [1.5, 7.5, 2, 7.75], "texture": "#0"},
				"west": {"uv": [1, 7.5, 1.5, 7.75], "texture": "#0"},
				"up": {"uv": [1, 7.5, 0.5, 7], "texture": "#0"},
				"down": {"uv": [1.5, 7, 1, 7.5], "texture": "#0"}
			}
		},
		{
			"from": [3, 0, 1],
			"to": [5, 1, 3],
			"rotation": {"angle": 0, "axis": "y", "origin": [8, 0.5, 8.5]},
			"faces": {
				"north": {"uv": [7, 4.75, 7.5, 5], "texture": "#0"},
				"east": {"uv": [6.5, 4.75, 7, 5], "texture": "#0"},
				"south": {"uv": [8, 4.75, 8.5, 5], "texture": "#0"},
				"west": {"uv": [7.5, 4.75, 8, 5], "texture": "#0"},
				"up": {"uv": [7.5, 4.75, 7, 4.25], "texture": "#0"},
				"down": {"uv": [8, 4.25, 7.5, 4.75], "texture": "#0"}
			}
		},
		{
			"from": [11, 0, 12],
			"to": [13, 1, 14],
			"rotation": {"angle": 0, "axis": "y", "origin": [8, 0.5, 8.5]},
			"faces": {
				"north": {"uv": [5.5, 7, 6, 7.25], "texture": "#0"},
				"east": {"uv": [5, 7, 5.5, 7.25], "texture": "#0"},
				"south": {"uv": [6.5, 7, 7, 7.25], "texture": "#0"},
				"west": {"uv": [6, 7, 6.5, 7.25], "texture": "#0"},
				"up": {"uv": [6, 7, 5.5, 6.5], "texture": "#0"},
				"down": {"uv": [6.5, 6.5, 6, 7], "texture": "#0"}
			}
		},
		{
			"from": [11, 0, 1],
			"to": [13, 1, 3],
			"rotation": {"angle": 0, "axis": "y", "origin": [8, 0.5, 8.5]},
			"faces": {
				"north": {"uv": [2.5, 7.5, 3, 7.75], "texture": "#0"},
				"east": {"uv": [2, 7.5, 2.5, 7.75], "texture": "#0"},
				"south": {"uv": [3.5, 7.5, 4, 7.75], "texture": "#0"},
				"west": {"uv": [3, 7.5, 3.5, 7.75], "texture": "#0"},
				"up": {"uv": [3, 7.5, 2.5, 7], "texture": "#0"},
				"down": {"uv": [3.5, 7, 3, 7.5], "texture": "#0"}
			}
		},
		{
			"from": [3, 0, 12],
			"to": [5, 1, 14],
			"rotation": {"angle": 0, "axis": "y", "origin": [8, 0.5, 8.5]},
			"faces": {
				"north": {"uv": [7.5, 7, 8, 7.25], "texture": "#0"},
				"east": {"uv": [7, 7, 7.5, 7.25], "texture": "#0"},
				"south": {"uv": [8.5, 7, 9, 7.25], "texture": "#0"},
				"west": {"uv": [8, 7, 8.5, 7.25], "texture": "#0"},
				"up": {"uv": [8, 7, 7.5, 6.5], "texture": "#0"},
				"down": {"uv": [8.5, 6.5, 8, 7], "texture": "#0"}
			}
		},
		{
			"from": [3, -2, 13],
			"to": [4, 2, 14],
			"rotation": {"angle": 0, "axis": "y", "origin": [8, 0.5, 8.5]},
			"faces": {
				"north": {"uv": [6.25, 7.5, 6.5, 8.5], "texture": "#0"},
				"east": {"uv": [6, 7.5, 6.25, 8.5], "texture": "#0"},
				"south": {"uv": [6.75, 7.5, 7, 8.5], "texture": "#0"},
				"west": {"uv": [6.5, 7.5, 6.75, 8.5], "texture": "#0"},
				"up": {"uv": [6.5, 7.5, 6.25, 7.25], "texture": "#0"},
				"down": {"uv": [6.75, 7.25, 6.5, 7.5], "texture": "#0"}
			}
		},
		{
			"from": [12, -2, 13],
			"to": [13, 2, 14],
			"rotation": {"angle": 0, "axis": "y", "origin": [8, 0.5, 8.5]},
			"faces": {
				"north": {"uv": [7.25, 7.5, 7.5, 8.5], "texture": "#0"},
				"east": {"uv": [7, 7.5, 7.25, 8.5], "texture": "#0"},
				"south": {"uv": [7.75, 7.5, 8, 8.5], "texture": "#0"},
				"west": {"uv": [7.5, 7.5, 7.75, 8.5], "texture": "#0"},
				"up": {"uv": [7.5, 7.5, 7.25, 7.25], "texture": "#0"},
				"down": {"uv": [7.75, 7.25, 7.5, 7.5], "texture": "#0"}
			}
		},
		{
			"from": [12, -2, 1],
			"to": [13, 2, 2],
			"rotation": {"angle": 0, "axis": "y", "origin": [8, 0.5, 8.5]},
			"faces": {
				"north": {"uv": [7.75, 0.25, 8, 1.25], "texture": "#0"},
				"east": {"uv": [7.5, 0.25, 7.75, 1.25], "texture": "#0"},
				"south": {"uv": [8.25, 0.25, 8.5, 1.25], "texture": "#0"},
				"west": {"uv": [8, 0.25, 8.25, 1.25], "texture": "#0"},
				"up": {"uv": [8, 0.25, 7.75, 0], "texture": "#0"},
				"down": {"uv": [8.25, 0, 8, 0.25], "texture": "#0"}
			}
		},
		{
			"from": [3, -2, 1],
			"to": [4, 2, 2],
			"rotation": {"angle": 0, "axis": "y", "origin": [8, 0.5, 8.5]},
			"faces": {
				"north": {"uv": [7.75, 1.5, 8, 2.5], "texture": "#0"},
				"east": {"uv": [7.5, 1.5, 7.75, 2.5], "texture": "#0"},
				"south": {"uv": [8.25, 1.5, 8.5, 2.5], "texture": "#0"},
				"west": {"uv": [8, 1.5, 8.25, 2.5], "texture": "#0"},
				"up": {"uv": [8, 1.5, 7.75, 1.25], "texture": "#0"},
				"down": {"uv": [8.25, 1.25, 8, 1.5], "texture": "#0"}
			}
		},
		{
			"from": [5, 1, 4],
			"to": [11, 2, 11],
			"rotation": {"angle": 0, "axis": "y", "origin": [8, 0.5, 8.5]},
			"faces": {
				"north": {"uv": [1.75, 4.25, 3.25, 4.5], "texture": "#0"},
				"east": {"uv": [0, 4.25, 1.75, 4.5], "texture": "#0"},
				"south": {"uv": [5, 4.25, 6.5, 4.5], "texture": "#0"},
				"west": {"uv": [3.25, 4.25, 5, 4.5], "texture": "#0"},
				"up": {"uv": [3.25, 4.25, 1.75, 2.5], "texture": "#0"},
				"down": {"uv": [4.75, 2.5, 3.25, 4.25], "texture": "#0"}
			}
		},
		{
			"from": [5, -1, 4],
			"to": [11, 0, 11],
			"rotation": {"angle": 0, "axis": "y", "origin": [8, 0.5, 8.5]},
			"faces": {
				"north": {"uv": [1.75, 6.25, 3.25, 6.5], "texture": "#0"},
				"east": {"uv": [0, 6.25, 1.75, 6.5], "texture": "#0"},
				"south": {"uv": [5, 6.25, 6.5, 6.5], "texture": "#0"},
				"west": {"uv": [3.25, 6.25, 5, 6.5], "texture": "#0"},
				"up": {"uv": [3.25, 6.25, 1.75, 4.5], "texture": "#0"},
				"down": {"uv": [4.75, 4.5, 3.25, 6.25], "texture": "#0"}
			}
		},
		{
			"from": [6, 1, 3],
			"to": [10, 2, 4],
			"rotation": {"angle": 0, "axis": "y", "origin": [8, 0.5, 8.5]},
			"faces": {
				"north": {"uv": [0.25, 6.75, 1.25, 7], "texture": "#0"},
				"east": {"uv": [0, 6.75, 0.25, 7], "texture": "#0"},
				"south": {"uv": [1.5, 6.75, 2.5, 7], "texture": "#0"},
				"west": {"uv": [1.25, 6.75, 1.5, 7], "texture": "#0"},
				"up": {"uv": [1.25, 6.75, 0.25, 6.5], "texture": "#0"},
				"down": {"uv": [2.25, 6.5, 1.25, 6.75], "texture": "#0"}
			}
		},
		{
			"from": [6, -1, 3],
			"to": [10, 0, 4],
			"rotation": {"angle": 0, "axis": "y", "origin": [8, 0.5, 8.5]},
			"faces": {
				"north": {"uv": [6.75, 2.75, 7.75, 3], "texture": "#0"},
				"east": {"uv": [6.5, 2.75, 6.75, 3], "texture": "#0"},
				"south": {"uv": [8, 2.75, 9, 3], "texture": "#0"},
				"west": {"uv": [7.75, 2.75, 8, 3], "texture": "#0"},
				"up": {"uv": [7.75, 2.75, 6.75, 2.5], "texture": "#0"},
				"down": {"uv": [8.75, 2.5, 7.75, 2.75], "texture": "#0"}
			}
		},
		{
			"from": [6, 1, 11],
			"to": [10, 2, 12],
			"rotation": {"angle": 0, "axis": "y", "origin": [8, 0.5, 8.5]},
			"faces": {
				"north": {"uv": [2.75, 6.75, 3.75, 7], "texture": "#0"},
				"east": {"uv": [2.5, 6.75, 2.75, 7], "texture": "#0"},
				"south": {"uv": [4, 6.75, 5, 7], "texture": "#0"},
				"west": {"uv": [3.75, 6.75, 4, 7], "texture": "#0"},
				"up": {"uv": [3.75, 6.75, 2.75, 6.5], "texture": "#0"},
				"down": {"uv": [4.75, 6.5, 3.75, 6.75], "texture": "#0"}
			}
		},
		{
			"from": [6, -1, 11],
			"to": [10, 0, 12],
			"rotation": {"angle": 0, "axis": "y", "origin": [8, 0.5, 8.5]},
			"faces": {
				"north": {"uv": [6.75, 3.25, 7.75, 3.5], "texture": "#0"},
				"east": {"uv": [6.5, 3.25, 6.75, 3.5], "texture": "#0"},
				"south": {"uv": [8, 3.25, 9, 3.5], "texture": "#0"},
				"west": {"uv": [7.75, 3.25, 8, 3.5], "texture": "#0"},
				"up": {"uv": [7.75, 3.25, 6.75, 3], "texture": "#0"},
				"down": {"uv": [8.75, 3, 7.75, 3.25], "texture": "#0"}
			}
		}
	],
	"display": {
		"head": {
			"translation": [0, 16.75, 0],
			"scale": [2, 2, 2]
		}
	},
	"groups": [
		{
			"name": "drone",
			"origin": [0, 0, 0],
			"color": 0,
			"children": [
				{
					"name": "base",
					"origin": [0.15, 8.4, 0.725],
					"color": 0,
					"children": [0, 1, 2, 3, 4, 5, 6, 7, 8, 9, 10, 11, 12, 13, 14, 15, 16, 17, 18, 19]
				}
			]
		}
	]
}