{
	"format_version": "1.21.6",
	"credit": "Made with Blockbench",
	"texture_size": [64, 64],
	"textures": {
		"0": "texture_du_drone",
		"particle": "texture_du_drone"
	},
	"elements": [
		{
			"from": [17, 10, 7],
			"to": [18, 10, 9],
			"rotation": {"angle": 0, "axis": "y", "origin": [17, 8, 8]},
			"faces": {
				"north": {"uv": [0.5, 8.75, 0.75, 8.75], "texture": "#0"},
				"east": {"uv": [0, 8.75, 0.5, 8.75], "texture": "#0"},
				"south": {"uv": [1.25, 8.75, 1.5, 8.75], "texture": "#0"},
				"west": {"uv": [0.75, 8.75, 1.25, 8.75], "texture": "#0"},
				"up": {"uv": [0.75, 8.75, 0.5, 8.25], "texture": "#0"},
				"down": {"uv": [1, 8.25, 0.75, 8.75], "texture": "#0"}
			}
		},
		{
			"from": [15, 10, 4],
			"to": [16, 10, 6],
			"rotation": {"angle": 0, "axis": "y", "origin": [15, 8, 5]},
			"faces": {
				"north": {"uv": [2, 8.75, 2.25, 8.75], "texture": "#0"},
				"east": {"uv": [1.5, 8.75, 2, 8.75], "texture": "#0"},
				"south": {"uv": [2.75, 8.75, 3, 8.75], "texture": "#0"},
				"west": {"uv": [2.25, 8.75, 2.75, 8.75], "texture": "#0"},
				"up": {"uv": [2.25, 8.75, 2, 8.25], "texture": "#0"},
				"down": {"uv": [2.5, 8.25, 2.25, 8.75], "texture": "#0"}
			}
		}
	],
	"display": {
		"head": {
			"translation": [-16.75, 0, 2.75],
			"scale": [2, 2, 2]
		}
	},
	"groups": [
		{
			"name": "4",
			"origin": [-4.5, 10, 6.5],
			"color": 0,
			"children": [0, 1]
		}
	]
}