{
	"format_version": "1.21.6",
	"credit": "Made with Blockbench",
	"texture_size": [32, 32],
	"textures": {
		"0": "item/knight_shield",
		"particle": "item/knight_shield"
	},
	"elements": [
		{
			"from": [7, 12, 3],
			"to": [9, 14, 4],
			"rotation": {"angle": 0, "axis": "y", "origin": [7, 12, 3]},
			"faces": {
				"north": {"uv": [8, 4.5, 9, 5.5], "texture": "#0"},
				"east": {"uv": [10.5, 1.5, 11, 2.5], "texture": "#0"},
				"south": {"uv": [9, 4.5, 10, 5.5], "texture": "#0"},
				"west": {"uv": [10.5, 2.5, 11, 3.5], "texture": "#0"},
				"up": {"uv": [9, 6, 8, 5.5], "texture": "#0"},
				"down": {"uv": [10, 5.5, 9, 6], "texture": "#0"}
			}
		},
		{
			"from": [2, 12, 4],
			"to": [14, 14, 5],
			"rotation": {"angle": 0, "axis": "y", "origin": [7, 12, 4]},
			"faces": {
				"north": {"uv": [0, 6, 6, 7], "texture": "#0"},
				"east": {"uv": [10.5, 3.5, 11, 4.5], "texture": "#0"},
				"south": {"uv": [6, 0, 12, 1], "texture": "#0"},
				"west": {"uv": [10.5, 4.5, 11, 5.5], "texture": "#0"},
				"up": {"uv": [10, 7.5, 4, 7], "texture": "#0"},
				"down": {"uv": [13, 6, 7, 6.5], "texture": "#0"}
			}
		},
		{
			"from": [7, 7, 4],
			"to": [9, 19, 5],
			"rotation": {"angle": 0, "axis": "y", "origin": [7, 17, 4]},
			"faces": {
				"north": {"uv": [6, 1, 7, 7], "texture": "#0"},
				"east": {"uv": [4, 7.5, 4.5, 13.5], "texture": "#0"},
				"south": {"uv": [0, 7, 1, 13], "texture": "#0"},
				"west": {"uv": [4.5, 7.5, 5, 13.5], "texture": "#0"},
				"up": {"uv": [11, 6, 10, 5.5], "texture": "#0"},
				"down": {"uv": [11.5, 6.5, 10.5, 7], "texture": "#0"}
			}
		},
		{
			"from": [5, 7, 5],
			"to": [11, 19, 6],
			"rotation": {"angle": 0, "axis": "y", "origin": [7, 17, 5]},
			"faces": {
				"north": {"uv": [0, 0, 3, 6], "texture": "#0"},
				"east": {"uv": [5, 7.5, 5.5, 13.5], "texture": "#0"},
				"south": {"uv": [3, 0, 6, 6], "texture": "#0"},
				"west": {"uv": [5.5, 7.5, 6, 13.5], "texture": "#0"},
				"up": {"uv": [10, 7, 7, 6.5], "texture": "#0"},
				"down": {"uv": [11, 1, 8, 1.5], "texture": "#0"}
			}
		},
		{
			"from": [3, 8, 5],
			"to": [5, 18, 6],
			"rotation": {"angle": 0, "axis": "y", "origin": [1, 17, 5]},
			"faces": {
				"north": {"uv": [1, 7, 2, 12], "texture": "#0"},
				"east": {"uv": [6, 7.5, 6.5, 12.5], "texture": "#0"},
				"south": {"uv": [7, 1, 8, 6], "texture": "#0"},
				"west": {"uv": [6.5, 7.5, 7, 12.5], "texture": "#0"},
				"up": {"uv": [11.5, 7.5, 10.5, 7], "texture": "#0"},
				"down": {"uv": [11.5, 7.5, 10.5, 8], "texture": "#0"}
			}
		},
		{
			"from": [11, 8, 5],
			"to": [13, 18, 6],
			"rotation": {"angle": 0, "axis": "y", "origin": [9, 17, 5]},
			"faces": {
				"north": {"uv": [2, 7, 3, 12], "texture": "#0"},
				"east": {"uv": [7, 7.5, 7.5, 12.5], "texture": "#0"},
				"south": {"uv": [3, 7, 4, 12], "texture": "#0"},
				"west": {"uv": [7.5, 7.5, 8, 12.5], "texture": "#0"},
				"up": {"uv": [9, 11, 8, 10.5], "texture": "#0"},
				"down": {"uv": [11.5, 8, 10.5, 8.5], "texture": "#0"}
			}
		},
		{
			"from": [13, 10, 5],
			"to": [14, 16, 6],
			"rotation": {"angle": 0, "axis": "y", "origin": [11, 17, 5]},
			"faces": {
				"north": {"uv": [8, 1.5, 8.5, 4.5], "texture": "#0"},
				"east": {"uv": [8, 7.5, 8.5, 10.5], "texture": "#0"},
				"south": {"uv": [8.5, 1.5, 9, 4.5], "texture": "#0"},
				"west": {"uv": [8.5, 7.5, 9, 10.5], "texture": "#0"},
				"up": {"uv": [11.5, 3.5, 11, 3], "texture": "#0"},
				"down": {"uv": [11.5, 3.5, 11, 4], "texture": "#0"}
			}
		},
		{
			"from": [2, 10, 5],
			"to": [3, 16, 6],
			"rotation": {"angle": 0, "axis": "y", "origin": [0, 17, 5]},
			"faces": {
				"north": {"uv": [9, 1.5, 9.5, 4.5], "texture": "#0"},
				"east": {"uv": [9, 7.5, 9.5, 10.5], "texture": "#0"},
				"south": {"uv": [9.5, 1.5, 10, 4.5], "texture": "#0"},
				"west": {"uv": [9.5, 7.5, 10, 10.5], "texture": "#0"},
				"up": {"uv": [11.5, 4.5, 11, 4], "texture": "#0"},
				"down": {"uv": [11.5, 4.5, 11, 5], "texture": "#0"}
			}
		},
		{
			"from": [7, 11, 8],
			"to": [9, 15, 9],
			"rotation": {"angle": 0, "axis": "y", "origin": [-1, 17, 8]},
			"faces": {
				"north": {"uv": [10, 1.5, 10.5, 3.5], "texture": "#0"},
				"east": {"uv": [10, 3.5, 10.5, 5.5], "texture": "#0"},
				"south": {"uv": [10, 6.5, 10.5, 8.5], "texture": "#0"},
				"west": {"uv": [10, 8.5, 10.5, 10.5], "texture": "#0"},
				"up": {"uv": [11.5, 5.5, 11, 5], "texture": "#0"},
				"down": {"uv": [11.5, 5.5, 11, 6], "texture": "#0"}
			}
		},
		{
			"from": [7, 15, 6],
			"to": [9, 16, 8],
			"rotation": {"angle": 0, "axis": "y", "origin": [-1, 18, 7]},
			"faces": {
				"north": {"uv": [8, 11, 8.5, 11.5], "texture": "#0"},
				"east": {"uv": [10.5, 8.5, 11.5, 9], "texture": "#0"},
				"south": {"uv": [8.5, 11, 9, 11.5], "texture": "#0"},
				"west": {"uv": [9, 10.5, 10, 11], "texture": "#0"},
				"up": {"uv": [11, 10, 10.5, 9], "texture": "#0"},
				"down": {"uv": [10.5, 10.5, 10, 11.5], "texture": "#0"}
			}
		},
		{
			"from": [7, 10, 6],
			"to": [9, 11, 8],
			"rotation": {"angle": 0, "axis": "y", "origin": [-1, 13, 7]},
			"faces": {
				"north": {"uv": [9, 11, 9.5, 11.5], "texture": "#0"},
				"east": {"uv": [10.5, 10, 11.5, 10.5], "texture": "#0"},
				"south": {"uv": [11, 9, 11.5, 9.5], "texture": "#0"},
				"west": {"uv": [10.5, 10.5, 11.5, 11], "texture": "#0"},
				"up": {"uv": [11.5, 2, 11, 1], "texture": "#0"},
				"down": {"uv": [11.5, 2, 11, 3], "texture": "#0"}
			}
		}
	],
	"display": {
		"thirdperson_righthand": {
			"rotation": [54, 0, 0],
			"translation": [-0.5, -4.25, -3.25]
		},
		"thirdperson_lefthand": {
			"rotation": [51, 0, 0],
			"translation": [0.25, -5, -1.75]
		},
		"firstperson_righthand": {
			"scale": [0, 0, 0]
		},
		"firstperson_lefthand": {
			"scale": [0, 0, 0]
		},
		"gui": {
			"rotation": [-157, 39, 0],
			"translation": [2, 6.25, 0],
			"scale": [1.2, 1.2, 1.2]
		}
	},
	"groups": [
		{
			"name": "bouclier",
			"origin": [8, 8, 8],
			"color": 0,
			"children": [0, 1, 2, 3, 4, 5, 6, 7, 8, 9, 10]
		}
	]
}