{
	"format_version": "1.21.6",
	"credit": "Made with Blockbench",
	"texture_size": [32, 32],
	"textures": {
		"0": "item/candybag",
		"particle": "item/candybag"
	},
	"elements": [
		{
			"from": [4, 0, 4],
			"to": [13, 1, 12],
			"rotation": {"angle": 0, "axis": "y", "origin": [7, 0, 7]},
			"faces": {
				"north": {"uv": [9, 7.5, 13.5, 8], "texture": "#0"},
				"east": {"uv": [7.5, 10, 11.5, 10.5], "texture": "#0"},
				"south": {"uv": [9, 8, 13.5, 8.5], "texture": "#0"},
				"west": {"uv": [0, 10.5, 4, 11], "texture": "#0"},
				"up": {"uv": [4.5, 4, 0, 0], "texture": "#0"},
				"down": {"uv": [4.5, 4, 0, 8], "texture": "#0"}
			}
		},
		{
			"from": [4, 1, 11],
			"to": [13, 6, 12],
			"rotation": {"angle": 0, "axis": "y", "origin": [7, 1, 7]},
			"faces": {
				"north": {"uv": [4.5, 0, 9, 2.5], "texture": "#0"},
				"east": {"uv": [7.5, 11.5, 8, 14], "texture": "#0"},
				"south": {"uv": [4.5, 2.5, 9, 5], "texture": "#0"},
				"west": {"uv": [10, 11.5, 10.5, 14], "texture": "#0"},
				"up": {"uv": [13.5, 9, 9, 8.5], "texture": "#0"},
				"down": {"uv": [13.5, 9, 9, 9.5], "texture": "#0"}
			}
		},
		{
			"from": [4, 1, 4],
			"to": [13, 6, 5],
			"rotation": {"angle": 0, "axis": "y", "origin": [7, 1, 0]},
			"faces": {
				"north": {"uv": [4.5, 5, 9, 7.5], "texture": "#0"},
				"east": {"uv": [11.5, 10, 12, 12.5], "texture": "#0"},
				"south": {"uv": [4.5, 7.5, 9, 10], "texture": "#0"},
				"west": {"uv": [10.5, 11.5, 11, 14], "texture": "#0"},
				"up": {"uv": [13.5, 10, 9, 9.5], "texture": "#0"},
				"down": {"uv": [7.5, 10, 3, 10.5], "texture": "#0"}
			}
		},
		{
			"from": [12, 1, 5],
			"to": [13, 6, 11],
			"rotation": {"angle": 0, "axis": "y", "origin": [7, 1, 1]},
			"faces": {
				"north": {"uv": [11, 11.5, 11.5, 14], "texture": "#0"},
				"east": {"uv": [0, 8, 3, 10.5], "texture": "#0"},
				"south": {"uv": [0, 12, 0.5, 14.5], "texture": "#0"},
				"west": {"uv": [9, 0, 12, 2.5], "texture": "#0"},
				"up": {"uv": [8.5, 13.5, 8, 10.5], "texture": "#0"},
				"down": {"uv": [9, 10.5, 8.5, 13.5], "texture": "#0"}
			}
		},
		{
			"from": [12, 6, 7.5],
			"to": [13, 9, 8.5],
			"rotation": {"angle": 0, "axis": "y", "origin": [7, 6, 1]},
			"faces": {
				"north": {"uv": [4.5, 12.5, 5, 14], "texture": "#0"},
				"east": {"uv": [12.5, 4.5, 13, 6], "texture": "#0"},
				"south": {"uv": [5, 12.5, 5.5, 14], "texture": "#0"},
				"west": {"uv": [5.5, 12.5, 6, 14], "texture": "#0"},
				"up": {"uv": [13, 6.5, 12.5, 6], "texture": "#0"},
				"down": {"uv": [14, 3, 13.5, 3.5], "texture": "#0"}
			}
		},
		{
			"from": [11, 8, 7.5],
			"to": [12, 10, 8.5],
			"rotation": {"angle": 0, "axis": "y", "origin": [6, 8, 1]},
			"faces": {
				"north": {"uv": [13, 4.5, 13.5, 5.5], "texture": "#0"},
				"east": {"uv": [13, 5.5, 13.5, 6.5], "texture": "#0"},
				"south": {"uv": [13, 6.5, 13.5, 7.5], "texture": "#0"},
				"west": {"uv": [13, 10, 13.5, 11], "texture": "#0"},
				"up": {"uv": [14, 6, 13.5, 5.5], "texture": "#0"},
				"down": {"uv": [14, 6, 13.5, 6.5], "texture": "#0"}
			}
		},
		{
			"from": [5, 8, 7.5],
			"to": [6, 10, 8.5],
			"rotation": {"angle": 0, "axis": "y", "origin": [0, 8, 1]},
			"faces": {
				"north": {"uv": [13, 11, 13.5, 12], "texture": "#0"},
				"east": {"uv": [12, 13, 12.5, 14], "texture": "#0"},
				"south": {"uv": [13, 12, 13.5, 13], "texture": "#0"},
				"west": {"uv": [12.5, 13, 13, 14], "texture": "#0"},
				"up": {"uv": [14, 7, 13.5, 6.5], "texture": "#0"},
				"down": {"uv": [14, 7, 13.5, 7.5], "texture": "#0"}
			}
		},
		{
			"from": [6, 9, 7.5],
			"to": [11, 10, 8.5],
			"rotation": {"angle": 0, "axis": "y", "origin": [1, 9, 1]},
			"faces": {
				"north": {"uv": [12, 0, 14.5, 0.5], "texture": "#0"},
				"east": {"uv": [13.5, 7.5, 14, 8], "texture": "#0"},
				"south": {"uv": [0.5, 12, 3, 12.5], "texture": "#0"},
				"west": {"uv": [8, 13.5, 8.5, 14], "texture": "#0"},
				"up": {"uv": [14.5, 1, 12, 0.5], "texture": "#0"},
				"down": {"uv": [14.5, 1, 12, 1.5], "texture": "#0"}
			}
		},
		{
			"from": [4, 6, 7.5],
			"to": [5, 9, 8.5],
			"rotation": {"angle": 0, "axis": "y", "origin": [-1, 6, 1]},
			"faces": {
				"north": {"uv": [6, 12.5, 6.5, 14], "texture": "#0"},
				"east": {"uv": [6.5, 12.5, 7, 14], "texture": "#0"},
				"south": {"uv": [7, 12.5, 7.5, 14], "texture": "#0"},
				"west": {"uv": [11.5, 12.5, 12, 14], "texture": "#0"},
				"up": {"uv": [14, 8.5, 13.5, 8], "texture": "#0"},
				"down": {"uv": [9, 13.5, 8.5, 14], "texture": "#0"}
			}
		},
		{
			"from": [4, 1, 5],
			"to": [5, 6, 11],
			"rotation": {"angle": 0, "axis": "y", "origin": [-1, 1, 1]},
			"faces": {
				"north": {"uv": [12, 1.5, 12.5, 4], "texture": "#0"},
				"east": {"uv": [9, 2.5, 12, 5], "texture": "#0"},
				"south": {"uv": [12, 4, 12.5, 6.5], "texture": "#0"},
				"west": {"uv": [9, 5, 12, 7.5], "texture": "#0"},
				"up": {"uv": [9.5, 13.5, 9, 10.5], "texture": "#0"},
				"down": {"uv": [10, 10.5, 9.5, 13.5], "texture": "#0"}
			}
		},
		{
			"from": [5, 1, 9],
			"to": [7, 3, 11],
			"rotation": {"angle": 0, "axis": "y", "origin": [5, 1, 9]},
			"faces": {
				"north": {"uv": [12, 6.5, 13, 7.5], "texture": "#0"},
				"east": {"uv": [12, 10, 13, 11], "texture": "#0"},
				"south": {"uv": [12, 11, 13, 12], "texture": "#0"},
				"west": {"uv": [12, 12, 13, 13], "texture": "#0"},
				"up": {"uv": [1.5, 13.5, 0.5, 12.5], "texture": "#0"},
				"down": {"uv": [2.5, 12.5, 1.5, 13.5], "texture": "#0"}
			}
		},
		{
			"from": [8, 1, 8],
			"to": [11, 3, 10],
			"rotation": {"angle": 0, "axis": "y", "origin": [8, 1, 8]},
			"faces": {
				"north": {"uv": [3, 8, 4.5, 9], "texture": "#0"},
				"east": {"uv": [12.5, 1.5, 13.5, 2.5], "texture": "#0"},
				"south": {"uv": [3, 9, 4.5, 10], "texture": "#0"},
				"west": {"uv": [2.5, 12.5, 3.5, 13.5], "texture": "#0"},
				"up": {"uv": [11.5, 11.5, 10, 10.5], "texture": "#0"},
				"down": {"uv": [1.5, 11, 0, 12], "texture": "#0"}
			}
		},
		{
			"from": [7, 1, 5],
			"to": [10, 3, 7],
			"rotation": {"angle": 0, "axis": "y", "origin": [7, 1, 5]},
			"faces": {
				"north": {"uv": [1.5, 11, 3, 12], "texture": "#0"},
				"east": {"uv": [12.5, 2.5, 13.5, 3.5], "texture": "#0"},
				"south": {"uv": [3, 11.5, 4.5, 12.5], "texture": "#0"},
				"west": {"uv": [3.5, 12.5, 4.5, 13.5], "texture": "#0"},
				"up": {"uv": [6, 12.5, 4.5, 11.5], "texture": "#0"},
				"down": {"uv": [7.5, 11.5, 6, 12.5], "texture": "#0"}
			}
		},
		{
			"from": [8, 3, 9],
			"to": [12, 4, 11],
			"rotation": {"angle": 45, "axis": "y", "origin": [9, 3, 9]},
			"faces": {
				"north": {"uv": [12.5, 3.5, 14.5, 4], "texture": "#0"},
				"east": {"uv": [3, 11, 4, 11.5], "texture": "#0"},
				"south": {"uv": [12.5, 4, 14.5, 4.5], "texture": "#0"},
				"west": {"uv": [13, 13, 14, 13.5], "texture": "#0"},
				"up": {"uv": [6, 11.5, 4, 10.5], "texture": "#0"},
				"down": {"uv": [8, 10.5, 6, 11.5], "texture": "#0"}
			}
		},
		{
			"from": [5, 1, 7],
			"to": [6, 2, 9],
			"rotation": {"angle": 45, "axis": "y", "origin": [6, 1, 7]},
			"faces": {
				"north": {"uv": [13.5, 8.5, 14, 9], "texture": "#0"},
				"east": {"uv": [0.5, 13.5, 1.5, 14], "texture": "#0"},
				"south": {"uv": [9, 13.5, 9.5, 14], "texture": "#0"},
				"west": {"uv": [1.5, 13.5, 2.5, 14], "texture": "#0"},
				"up": {"uv": [14, 2.5, 13.5, 1.5], "texture": "#0"},
				"down": {"uv": [3, 13.5, 2.5, 14.5], "texture": "#0"}
			}
		},
		{
			"from": [10, 1, 5],
			"to": [11, 2, 7],
			"rotation": {"angle": 45, "axis": "y", "origin": [11, 1, 5]},
			"faces": {
				"north": {"uv": [13.5, 9, 14, 9.5], "texture": "#0"},
				"east": {"uv": [13.5, 2.5, 14.5, 3], "texture": "#0"},
				"south": {"uv": [9.5, 13.5, 10, 14], "texture": "#0"},
				"west": {"uv": [3, 13.5, 4, 14], "texture": "#0"},
				"up": {"uv": [4.5, 14.5, 4, 13.5], "texture": "#0"},
				"down": {"uv": [14, 4.5, 13.5, 5.5], "texture": "#0"}
			}
		}
	],
	"display": {
		"thirdperson_righthand": {
			"rotation": [80, 0, 0],
			"translation": [-0.5, -2.75, -0.75],
			"scale": [0.8, 0.8, 0.8]
		},
		"gui": {
			"rotation": [26, 144, 0],
			"translation": [1, 2.75, 0]
		}
	},
	"groups": [
		{
			"name": "group",
			"origin": [8, 8, 8],
			"color": 0,
			"children": [0, 1, 2, 3, 4, 5, 6, 7, 8, 9]
		},
		{
			"name": "bonbons",
			"origin": [8, 8, 8],
			"color": 0,
			"children": [10, 11, 12, 13, 14, 15]
		}
	]
}