{
  "parent": "block/carved_pumpkin",
  "overrides": [
    { "predicate": {"custom_model_data": 1001}, "model": "item/cosmetics/hats/jopawhat" },
    { "predicate": {"custom_model_data": 1002}, "model": "item/cosmetics/hats/red_cap" },
    { "predicate": {"custom_model_data": 1003}, "model": "item/cosmetics/hats/vote_hat" },
    { "predicate": {"custom_model_data": 1004}, "model": "item/cosmetics/hats/anonymous_hat" },
    { "predicate": {"custom_model_data": 1005}, "model": "item/cosmetics/hats/funnyglasses" },
    { "predicate": {"custom_model_data": 1006}, "model": "item/cosmetics/hats/mario_cap" },
    { "predicate": {"custom_model_data": 1007}, "model": "item/cosmetics/hats/unicorn_ears" },
    { "predicate": {"custom_model_data": 1008}, "model": "item/cosmetics/hats/cat_ears" },
    { "predicate": {"custom_model_data": 1009}, "model": "item/cosmetics/hats/knight_helmet" },
    { "predicate": {"custom_model_data": 1010}, "model": "item/cosmetics/hats/pumpkin_hat" },
    { "predicate": {"custom_model_data": 1011}, "model": "item/cosmetics/hats/little_pumpkin" },
    { "predicate": {"custom_model_data": 1012}, "model": "item/cosmetics/decorations/grounded_pumpkin" },
    { "predicate": {"custom_model_data": 1013}, "model": "item/cosmetics/hats/spider_hat" },
    { "predicate": {"custom_model_data": 1014}, "model": "item/cosmetics/hats/witch_hat" }
  ]
}
