{
  "parent": "block/pumpkin",
  "overrides": [
    { "predicate": { "custom_model_data": 1001 }, "model": "item/cosmetics/back/vote_bag" },
    { "predicate": { "custom_model_data": 1002 }, "model": "item/cosmetics/back/bowser_shell" },
    { "predicate": { "custom_model_data": 1003 }, "model": "item/cosmetics/back/knight_sheath" },
    { "predicate": { "custom_model_data": 1004 }, "model": "item/cosmetics/back/reaper_tool" },
    { "predicate": { "custom_model_data": 1005 }, "model": "item/cosmetics/back/spider_web" },
    { "predicate": { "custom_model_data": 1006 }, "model": "item/cosmetics/back/momie" }

  ]
}
