{
	"format_version": "1.21.6",
	"credit": "Made with Blockbench",
	"texture_size": [64, 64],
	"textures": {
		"0": "item/yoshi",
		"particle": "item/yoshi"
	},
	"elements": [
		{
			"from": [1, 3, -4],
			"to": [3, 6, 0],
			"rotation": {"angle": 0, "axis": "y", "origin": [3, 3, -3]},
			"faces": {
				"north": {"uv": [1, 7.75, 1.5, 8.5], "texture": "#0"},
				"east": {"uv": [0, 7.75, 1, 8.5], "texture": "#0"},
				"south": {"uv": [2.5, 7.75, 3, 8.5], "texture": "#0"},
				"west": {"uv": [1.5, 7.75, 2.5, 8.5], "texture": "#0"},
				"up": {"uv": [1.5, 7.75, 1, 6.75], "texture": "#0"},
				"down": {"uv": [2, 6.75, 1.5, 7.75], "texture": "#0"}
			}
		},
		{
			"from": [1, 2, -3],
			"to": [3, 3, -1],
			"rotation": {"angle": 0, "axis": "y", "origin": [3, 0, -3]},
			"faces": {
				"north": {"uv": [0.5, 10.25, 1, 10.5], "texture": "#0"},
				"east": {"uv": [0, 10.25, 0.5, 10.5], "texture": "#0"},
				"south": {"uv": [1.5, 10.25, 2, 10.5], "texture": "#0"},
				"west": {"uv": [1, 10.25, 1.5, 10.5], "texture": "#0"},
				"up": {"uv": [1, 10.25, 0.5, 9.75], "texture": "#0"},
				"down": {"uv": [1.5, 9.75, 1, 10.25], "texture": "#0"}
			}
		},
		{
			"from": [1, 0, -5],
			"to": [3, 2, -1],
			"rotation": {"angle": 0, "axis": "y", "origin": [3, -1, -3]},
			"faces": {
				"north": {"uv": [7, 9.25, 7.5, 9.75], "texture": "#0"},
				"east": {"uv": [6, 9.25, 7, 9.75], "texture": "#0"},
				"south": {"uv": [8.5, 9.25, 9, 9.75], "texture": "#0"},
				"west": {"uv": [7.5, 9.25, 8.5, 9.75], "texture": "#0"},
				"up": {"uv": [7.5, 9.25, 7, 8.25], "texture": "#0"},
				"down": {"uv": [8, 8.25, 7.5, 9.25], "texture": "#0"}
			}
		}
	],
	"display": {
		"head": {
			"translation": [29.75, -7, 38],
			"scale": [4, 4, 4]
		}
	},
	"groups": [
		{
			"name": "left_leg",
			"origin": [0, -1, -6],
			"color": 0,
			"children": [0, 1, 2]
		}
	]
}