{
	"format_version": "1.21.6",
	"credit": "Made with Blockbench",
	"texture_size": [32, 32],
	"textures": {
		"0": "item/spider_hat",
		"particle": "item/spider_hat"
	},
	"elements": [
		{
			"from": [0, 8.5, 9],
			"to": [6, 9.5, 10],
			"rotation": {"angle": -45, "axis": "z", "origin": [3, 7, 10]},
			"faces": {
				"north": {"uv": [7, 10.5, 10, 11], "texture": "#0"},
				"east": {"uv": [9, 6, 9.5, 6.5], "texture": "#0"},
				"south": {"uv": [10.5, 9.5, 13.5, 10], "texture": "#0"},
				"west": {"uv": [3.5, 10, 4, 10.5], "texture": "#0"},
				"up": {"uv": [13, 11, 10, 10.5], "texture": "#0"},
				"down": {"uv": [13.5, 10, 10.5, 10.5], "texture": "#0"}
			}
		},
		{
			"from": [0, 8.5, 11],
			"to": [6, 9.5, 12],
			"rotation": {"angle": -45, "axis": "z", "origin": [3, 7, 12]},
			"faces": {
				"north": {"uv": [0, 11, 3, 11.5], "texture": "#0"},
				"east": {"uv": [3.5, 10.5, 4, 11], "texture": "#0"},
				"south": {"uv": [7, 11, 10, 11.5], "texture": "#0"},
				"west": {"uv": [3, 11, 3.5, 11.5], "texture": "#0"},
				"up": {"uv": [13, 11.5, 10, 11], "texture": "#0"},
				"down": {"uv": [3, 11.5, 0, 12], "texture": "#0"}
			}
		},
		{
			"from": [1, 8.5, 13],
			"to": [6, 9.5, 14],
			"rotation": {"angle": -45, "axis": "z", "origin": [3, 7, 14]},
			"faces": {
				"north": {"uv": [3, 12.5, 5.5, 13], "texture": "#0"},
				"east": {"uv": [3.5, 11, 4, 11.5], "texture": "#0"},
				"south": {"uv": [12.5, 4.5, 15, 5], "texture": "#0"},
				"west": {"uv": [3, 11.5, 3.5, 12], "texture": "#0"},
				"up": {"uv": [15, 5.5, 12.5, 5], "texture": "#0"},
				"down": {"uv": [8, 12.5, 5.5, 13], "texture": "#0"}
			}
		},
		{
			"from": [13.5, 7.5, 13],
			"to": [18.5, 8.5, 14],
			"rotation": {"angle": 45, "axis": "z", "origin": [15, 6, 14]},
			"faces": {
				"north": {"uv": [12.5, 5.5, 15, 6], "texture": "#0"},
				"east": {"uv": [3.5, 11.5, 4, 12], "texture": "#0"},
				"south": {"uv": [8, 12.5, 10.5, 13], "texture": "#0"},
				"west": {"uv": [13.5, 2.5, 14, 3], "texture": "#0"},
				"up": {"uv": [13, 13, 10.5, 12.5], "texture": "#0"},
				"down": {"uv": [2.5, 13, 0, 13.5], "texture": "#0"}
			}
		},
		{
			"from": [13.5, 7.5, 7],
			"to": [18.5, 8.5, 8],
			"rotation": {"angle": 45, "axis": "z", "origin": [15, 6, 8]},
			"faces": {
				"north": {"uv": [2.5, 13, 5, 13.5], "texture": "#0"},
				"east": {"uv": [13.5, 3, 14, 3.5], "texture": "#0"},
				"south": {"uv": [13, 3.5, 15.5, 4], "texture": "#0"},
				"west": {"uv": [13.5, 8.5, 14, 9], "texture": "#0"},
				"up": {"uv": [7.5, 13.5, 5, 13], "texture": "#0"},
				"down": {"uv": [10, 13, 7.5, 13.5], "texture": "#0"}
			}
		},
		{
			"from": [13.5, 7.5, 9],
			"to": [19.5, 8.5, 10],
			"rotation": {"angle": 45, "axis": "z", "origin": [15, 6, 10]},
			"faces": {
				"north": {"uv": [7, 11.5, 10, 12], "texture": "#0"},
				"east": {"uv": [13.5, 9, 14, 9.5], "texture": "#0"},
				"south": {"uv": [10, 11.5, 13, 12], "texture": "#0"},
				"west": {"uv": [13.5, 9.5, 14, 10], "texture": "#0"},
				"up": {"uv": [3, 12.5, 0, 12], "texture": "#0"},
				"down": {"uv": [6, 12, 3, 12.5], "texture": "#0"}
			}
		},
		{
			"from": [13.5, 7.5, 11],
			"to": [19.5, 8.5, 12],
			"rotation": {"angle": 45, "axis": "z", "origin": [15, 6, 12]},
			"faces": {
				"north": {"uv": [6, 12, 9, 12.5], "texture": "#0"},
				"east": {"uv": [13.5, 10, 14, 10.5], "texture": "#0"},
				"south": {"uv": [9, 12, 12, 12.5], "texture": "#0"},
				"west": {"uv": [14, 2.5, 14.5, 3], "texture": "#0"},
				"up": {"uv": [15, 12.5, 12, 12], "texture": "#0"},
				"down": {"uv": [3, 12.5, 0, 13], "texture": "#0"}
			}
		},
		{
			"from": [1, 8.5, 7],
			"to": [6, 9.5, 8],
			"rotation": {"angle": -45, "axis": "z", "origin": [3, 7, 8]},
			"faces": {
				"north": {"uv": [10, 13, 12.5, 13.5], "texture": "#0"},
				"east": {"uv": [14, 3, 14.5, 3.5], "texture": "#0"},
				"south": {"uv": [13, 10.5, 15.5, 11], "texture": "#0"},
				"west": {"uv": [14, 4, 14.5, 4.5], "texture": "#0"},
				"up": {"uv": [15.5, 11.5, 13, 11], "texture": "#0"},
				"down": {"uv": [15.5, 11.5, 13, 12], "texture": "#0"}
			}
		},
		{
			"from": [-1.75, 0, 7],
			"to": [-0.75, 5, 8],
			"rotation": {"angle": 0, "axis": "z", "origin": [-1, 2, 8]},
			"faces": {
				"north": {"uv": [12.5, 13, 13, 15.5], "texture": "#0"},
				"east": {"uv": [13, 12.5, 13.5, 15], "texture": "#0"},
				"south": {"uv": [0, 13.5, 0.5, 16], "texture": "#0"},
				"west": {"uv": [13.5, 0, 14, 2.5], "texture": "#0"},
				"up": {"uv": [14.5, 9, 14, 8.5], "texture": "#0"},
				"down": {"uv": [14.5, 9, 14, 9.5], "texture": "#0"}
			}
		},
		{
			"from": [20, 0, 7],
			"to": [21, 5, 8],
			"rotation": {"angle": 0, "axis": "z", "origin": [21, 2, 8]},
			"faces": {
				"north": {"uv": [0.5, 13.5, 1, 16], "texture": "#0"},
				"east": {"uv": [1, 13.5, 1.5, 16], "texture": "#0"},
				"south": {"uv": [1.5, 13.5, 2, 16], "texture": "#0"},
				"west": {"uv": [2, 13.5, 2.5, 16], "texture": "#0"},
				"up": {"uv": [14.5, 10, 14, 9.5], "texture": "#0"},
				"down": {"uv": [14.5, 10, 14, 10.5], "texture": "#0"}
			}
		},
		{
			"from": [20, 0, 13],
			"to": [21, 5, 14],
			"rotation": {"angle": 0, "axis": "z", "origin": [21, 2, 14]},
			"faces": {
				"north": {"uv": [2.5, 13.5, 3, 16], "texture": "#0"},
				"east": {"uv": [3, 13.5, 3.5, 16], "texture": "#0"},
				"south": {"uv": [3.5, 13.5, 4, 16], "texture": "#0"},
				"west": {"uv": [4, 13.5, 4.5, 16], "texture": "#0"},
				"up": {"uv": [14.5, 13, 14, 12.5], "texture": "#0"},
				"down": {"uv": [14.5, 13, 14, 13.5], "texture": "#0"}
			}
		},
		{
			"from": [-1.75, 0, 13],
			"to": [-0.75, 5, 14],
			"rotation": {"angle": 0, "axis": "z", "origin": [-1, 2, 14]},
			"faces": {
				"north": {"uv": [4.5, 13.5, 5, 16], "texture": "#0"},
				"east": {"uv": [5, 13.5, 5.5, 16], "texture": "#0"},
				"south": {"uv": [5.5, 13.5, 6, 16], "texture": "#0"},
				"west": {"uv": [6, 13.5, 6.5, 16], "texture": "#0"},
				"up": {"uv": [14.5, 14, 14, 13.5], "texture": "#0"},
				"down": {"uv": [14.5, 14, 14, 14.5], "texture": "#0"}
			}
		},
		{
			"from": [-3, 0, 9],
			"to": [-2, 5.25, 10],
			"rotation": {"angle": 0, "axis": "z", "origin": [-2, 2, 10]},
			"faces": {
				"north": {"uv": [13.5, 6, 14, 8.5], "texture": "#0"},
				"east": {"uv": [6.5, 13.5, 7, 16], "texture": "#0"},
				"south": {"uv": [7, 13.5, 7.5, 16], "texture": "#0"},
				"west": {"uv": [7.5, 13.5, 8, 16], "texture": "#0"},
				"up": {"uv": [15, 0.5, 14.5, 0], "texture": "#0"},
				"down": {"uv": [15, 0.5, 14.5, 1], "texture": "#0"}
			}
		},
		{
			"from": [21, 0, 9],
			"to": [22, 5.35, 10],
			"rotation": {"angle": 0, "axis": "z", "origin": [22, 2, 10]},
			"faces": {
				"north": {"uv": [8, 13.5, 8.5, 16], "texture": "#0"},
				"east": {"uv": [8.5, 13.5, 9, 16], "texture": "#0"},
				"south": {"uv": [9, 13.5, 9.5, 16], "texture": "#0"},
				"west": {"uv": [9.5, 13.5, 10, 16], "texture": "#0"},
				"up": {"uv": [15, 1.5, 14.5, 1], "texture": "#0"},
				"down": {"uv": [15, 1.5, 14.5, 2], "texture": "#0"}
			}
		},
		{
			"from": [21, 0, 11],
			"to": [22, 5.35, 12],
			"rotation": {"angle": 0, "axis": "z", "origin": [22, 2, 12]},
			"faces": {
				"north": {"uv": [10, 13.5, 10.5, 16], "texture": "#0"},
				"east": {"uv": [10.5, 13.5, 11, 16], "texture": "#0"},
				"south": {"uv": [11, 13.5, 11.5, 16], "texture": "#0"},
				"west": {"uv": [11.5, 13.5, 12, 16], "texture": "#0"},
				"up": {"uv": [15, 2.5, 14.5, 2], "texture": "#0"},
				"down": {"uv": [15, 2.5, 14.5, 3], "texture": "#0"}
			}
		},
		{
			"from": [-3, 0, 11],
			"to": [-2, 5.25, 12],
			"rotation": {"angle": 0, "axis": "z", "origin": [-2, 2, 12]},
			"faces": {
				"north": {"uv": [12, 13.5, 12.5, 16], "texture": "#0"},
				"east": {"uv": [13.5, 12.5, 14, 15], "texture": "#0"},
				"south": {"uv": [14, 0, 14.5, 2.5], "texture": "#0"},
				"west": {"uv": [14, 6, 14.5, 8.5], "texture": "#0"},
				"up": {"uv": [15, 3.5, 14.5, 3], "texture": "#0"},
				"down": {"uv": [15, 4, 14.5, 4.5], "texture": "#0"}
			}
		},
		{
			"from": [-1, 7.75, 7],
			"to": [6, 8.75, 8],
			"rotation": {"angle": 45, "axis": "z", "origin": [3, 6, 8]},
			"faces": {
				"north": {"uv": [7, 4, 10.5, 4.5], "texture": "#0"},
				"east": {"uv": [14.5, 6, 15, 6.5], "texture": "#0"},
				"south": {"uv": [9, 4.5, 12.5, 5], "texture": "#0"},
				"west": {"uv": [14.5, 6.5, 15, 7], "texture": "#0"},
				"up": {"uv": [12.5, 5.5, 9, 5], "texture": "#0"},
				"down": {"uv": [12.5, 5.5, 9, 6], "texture": "#0"}
			}
		},
		{
			"from": [16.55, 5, 7],
			"to": [17.55, 12, 8],
			"rotation": {"angle": 45, "axis": "z", "origin": [19, 9, 8]},
			"faces": {
				"north": {"uv": [4, 8.5, 4.5, 12], "texture": "#0"},
				"east": {"uv": [4.5, 8.5, 5, 12], "texture": "#0"},
				"south": {"uv": [5, 8.5, 5.5, 12], "texture": "#0"},
				"west": {"uv": [5.5, 8.5, 6, 12], "texture": "#0"},
				"up": {"uv": [15, 7.5, 14.5, 7], "texture": "#0"},
				"down": {"uv": [15, 7.5, 14.5, 8], "texture": "#0"}
			}
		},
		{
			"from": [16.55, 5, 13],
			"to": [17.55, 12, 14],
			"rotation": {"angle": 45, "axis": "z", "origin": [19, 9, 14]},
			"faces": {
				"north": {"uv": [6, 8.5, 6.5, 12], "texture": "#0"},
				"east": {"uv": [6.5, 8.5, 7, 12], "texture": "#0"},
				"south": {"uv": [9.5, 0, 10, 3.5], "texture": "#0"},
				"west": {"uv": [9.5, 6, 10, 9.5], "texture": "#0"},
				"up": {"uv": [15, 8.5, 14.5, 8], "texture": "#0"},
				"down": {"uv": [15, 8.5, 14.5, 9], "texture": "#0"}
			}
		},
		{
			"from": [-1, 7.75, 13],
			"to": [6, 8.75, 14],
			"rotation": {"angle": 45, "axis": "z", "origin": [3, 6, 14]},
			"faces": {
				"north": {"uv": [9.5, 3.5, 13, 4], "texture": "#0"},
				"east": {"uv": [14.5, 9, 15, 9.5], "texture": "#0"},
				"south": {"uv": [7, 9.5, 10.5, 10], "texture": "#0"},
				"west": {"uv": [14.5, 9.5, 15, 10], "texture": "#0"},
				"up": {"uv": [3.5, 10.5, 0, 10], "texture": "#0"},
				"down": {"uv": [13.5, 0, 10, 0.5], "texture": "#0"}
			}
		},
		{
			"from": [3, 10.05, 11],
			"to": [10, 11.05, 12],
			"rotation": {"angle": 45, "axis": "z", "origin": [7, 1, 12]},
			"faces": {
				"north": {"uv": [10, 0.5, 13.5, 1], "texture": "#0"},
				"east": {"uv": [14.5, 10, 15, 10.5], "texture": "#0"},
				"south": {"uv": [10, 1, 13.5, 1.5], "texture": "#0"},
				"west": {"uv": [14.5, 12.5, 15, 13], "texture": "#0"},
				"up": {"uv": [13.5, 2, 10, 1.5], "texture": "#0"},
				"down": {"uv": [13.5, 2, 10, 2.5], "texture": "#0"}
			}
		},
		{
			"from": [3, 10.05, 9],
			"to": [10, 11.05, 10],
			"rotation": {"angle": 45, "axis": "z", "origin": [7, 1, 10]},
			"faces": {
				"north": {"uv": [10, 2.5, 13.5, 3], "texture": "#0"},
				"east": {"uv": [14.5, 13, 15, 13.5], "texture": "#0"},
				"south": {"uv": [10, 3, 13.5, 3.5], "texture": "#0"},
				"west": {"uv": [14.5, 13.5, 15, 14], "texture": "#0"},
				"up": {"uv": [13.5, 6.5, 10, 6], "texture": "#0"},
				"down": {"uv": [13.5, 6.5, 10, 7], "texture": "#0"}
			}
		},
		{
			"from": [9, 10.17, 9],
			"to": [16, 11.17, 10],
			"rotation": {"angle": -45, "axis": "z", "origin": [12, 1, 10]},
			"faces": {
				"north": {"uv": [7, 10, 10.5, 10.5], "texture": "#0"},
				"east": {"uv": [14, 14.5, 14.5, 15], "texture": "#0"},
				"south": {"uv": [10, 7, 13.5, 7.5], "texture": "#0"},
				"west": {"uv": [14.5, 14, 15, 14.5], "texture": "#0"},
				"up": {"uv": [13.5, 8, 10, 7.5], "texture": "#0"},
				"down": {"uv": [13.5, 8, 10, 8.5], "texture": "#0"}
			}
		},
		{
			"from": [9, 10.17, 11],
			"to": [16, 11.17, 12],
			"rotation": {"angle": -45, "axis": "z", "origin": [12, 1, 12]},
			"faces": {
				"north": {"uv": [10, 8.5, 13.5, 9], "texture": "#0"},
				"east": {"uv": [14.5, 14.5, 15, 15], "texture": "#0"},
				"south": {"uv": [10, 9, 13.5, 9.5], "texture": "#0"},
				"west": {"uv": [15, 0, 15.5, 0.5], "texture": "#0"},
				"up": {"uv": [3.5, 11, 0, 10.5], "texture": "#0"},
				"down": {"uv": [14, 4, 10.5, 4.5], "texture": "#0"}
			}
		},
		{
			"from": [6, 5, 6],
			"to": [13, 9, 15],
			"rotation": {"angle": 0, "axis": "y", "origin": [7, 5, 7]},
			"faces": {
				"north": {"uv": [0, 6.5, 3.5, 8.5], "texture": "#0"},
				"east": {"uv": [0, 4.5, 4.5, 6.5], "texture": "#0"},
				"south": {"uv": [3.5, 6.5, 7, 8.5], "texture": "#0"},
				"west": {"uv": [4.5, 4.5, 9, 6.5], "texture": "#0"},
				"up": {"uv": [3.5, 4.5, 0, 0], "texture": "#0"},
				"down": {"uv": [7, 0, 3.5, 4.5], "texture": "#0"}
			}
		},
		{
			"from": [7, 5, 2],
			"to": [12, 8, 6],
			"rotation": {"angle": 0, "axis": "y", "origin": [7, 5, 3]},
			"faces": {
				"north": {"uv": [7, 6.5, 9.5, 8], "texture": "#0"},
				"east": {"uv": [0, 8.5, 2, 10], "texture": "#0"},
				"south": {"uv": [7, 8, 9.5, 9.5], "texture": "#0"},
				"west": {"uv": [2, 8.5, 4, 10], "texture": "#0"},
				"up": {"uv": [9.5, 2, 7, 0], "texture": "#0"},
				"down": {"uv": [9.5, 2, 7, 4], "texture": "#0"}
			}
		}
	],
	"display": {
		"gui": {
			"rotation": [23, 137, 0],
			"translation": [0, 1, 0],
			"scale": [0.7, 0.7, 0.7]
		},
		"head": {
			"translation": [-0.5, 9.75, -0.25],
			"scale": [0.45, 0.45, 0.45]
		}
	},
	"groups": [
		{
			"name": "araignée",
			"origin": [8, 8, 8],
			"color": 0,
			"children": [0, 1, 2, 3, 4, 5, 6, 7, 8, 9, 10, 11, 12, 13, 14, 15, 16, 17, 18, 19, 20, 21, 22, 23, 24, 25]
		}
	]
}