{
	"format_version": "1.21.6",
	"credit": "Made with Blockbench",
	"texture_size": [4, 4],
	"textures": {
		"0": "item/witch1",
		"1": "item/witch2",
		"particle": "item/witch1"
	},
	"elements": [
		{
			"name": "basechapeau",
			"from": [4, 0, 4],
			"to": [11, 0.3, 11],
			"rotation": {"angle": 0, "axis": "y", "origin": [7, 0, 7]},
			"faces": {
				"north": {"uv": [7.5, 6, 11, 6.25], "texture": "#0"},
				"east": {"uv": [3, 8, 6.5, 8.25], "texture": "#0"},
				"south": {"uv": [6.5, 8, 10, 8.25], "texture": "#0"},
				"west": {"uv": [8, 6.5, 11.5, 6.75], "texture": "#0"},
				"up": {"uv": [3.5, 3.5, 0, 0], "texture": "#0"},
				"down": {"uv": [3.5, 3.5, 0, 7], "texture": "#0"}
			}
		},
		{
			"name": "etage1chapeau",
			"from": [5, 0.3, 5],
			"to": [10, 0.8, 10],
			"rotation": {"angle": 0, "axis": "y", "origin": [8, 2, 8]},
			"faces": {
				"north": {"uv": [8, 7, 10.5, 7.25], "texture": "#0"},
				"east": {"uv": [8, 7.5, 10.5, 7.75], "texture": "#0"},
				"south": {"uv": [3, 8.5, 5.5, 8.75], "texture": "#0"},
				"west": {"uv": [8.5, 4, 11, 4.25], "texture": "#0"},
				"up": {"uv": [6, 2.5, 3.5, 0], "texture": "#0"},
				"down": {"uv": [6, 2.5, 3.5, 5], "texture": "#0"}
			}
		},
		{
			"name": "etage2chapeau",
			"from": [5.6, 0.3, 6],
			"to": [9.4, 3.3, 9],
			"rotation": {"angle": 0, "axis": "y", "origin": [15, 2, 8]},
			"faces": {
				"north": {"uv": [3.5, 5, 5.5, 6.5], "texture": "#0"},
				"east": {"uv": [6, 3, 7.5, 4.5], "texture": "#0"},
				"south": {"uv": [5.5, 5, 7.5, 6.5], "texture": "#0"},
				"west": {"uv": [3.5, 6.5, 5, 8], "texture": "#0"},
				"up": {"uv": [8, 1.5, 6, 0], "texture": "#0"},
				"down": {"uv": [8, 1.5, 6, 3], "texture": "#0"}
			}
		},
		{
			"name": "etage3chapeau",
			"from": [4, 6.9, 6.4],
			"to": [7.1, 9.9, 8.6],
			"rotation": {"angle": 45, "axis": "z", "origin": [13, 9, 8]},
			"faces": {
				"north": {"uv": [5, 6.5, 6.5, 8], "texture": "#0"},
				"east": {"uv": [0, 7, 1, 8.5], "texture": "#0"},
				"south": {"uv": [6.5, 6.5, 8, 8], "texture": "#0"},
				"west": {"uv": [1, 7, 2, 8.5], "texture": "#0"},
				"up": {"uv": [3.5, 8, 2, 7], "texture": "#0"},
				"down": {"uv": [9, 3, 7.5, 4], "texture": "#0"}
			}
		},
		{
			"name": "etage4chapeau",
			"from": [9, 3, 6.6],
			"to": [10.9, 5, 8.4],
			"rotation": {"angle": 22.5, "axis": "z", "origin": [9, 3, 7]},
			"faces": {
				"north": {"uv": [7.5, 4, 8.5, 5], "texture": "#0"},
				"east": {"uv": [7.5, 5, 8.5, 6], "texture": "#0"},
				"south": {"uv": [8, 0, 9, 1], "texture": "#0"},
				"west": {"uv": [8, 1, 9, 2], "texture": "#0"},
				"up": {"uv": [3, 9, 2, 8], "texture": "#0"},
				"down": {"uv": [9, 2, 8, 3], "texture": "#0"}
			}
		},
		{
			"name": "etage5chapeau",
			"from": [10, 4, 7],
			"to": [11.9, 5, 7.9],
			"rotation": {"angle": 22.5, "axis": "z", "origin": [10, 4, 8]},
			"faces": {
				"north": {"uv": [6, 4.5, 7, 5], "texture": "#0"},
				"east": {"uv": [7, 4.5, 7.5, 5], "texture": "#0"},
				"south": {"uv": [0, 8.5, 1, 9], "texture": "#0"},
				"west": {"uv": [8.5, 5, 9, 5.5], "texture": "#0"},
				"up": {"uv": [2, 9, 1, 8.5], "texture": "#0"},
				"down": {"uv": [9.5, 4.5, 8.5, 5], "texture": "#0"}
			}
		},
		{
			"from": [4.8, 0, 7],
			"to": [5, 1, 8],
			"rotation": {"angle": 0, "axis": "y", "origin": [5, 0, 7]},
			"faces": {
				"north": {"uv": [4, 0, 5, 4], "texture": "#1"},
				"east": {"uv": [0, 0, 4, 4], "texture": "#1"},
				"south": {"uv": [4, 4, 5, 8], "texture": "#1"},
				"west": {"uv": [0, 4, 4, 8], "texture": "#1"},
				"up": {"uv": [1, 12, 0, 8], "texture": "#1"},
				"down": {"uv": [9, 0, 8, 4], "texture": "#1"}
			}
		}
	],
	"display": {
		"gui": {
			"rotation": [33, 44, 0],
			"translation": [0.75, 7.25, 0],
			"scale": [1.5, 1.5, 1.5]
		},
		"head": {
			"rotation": [0, -89, 0],
			"translation": [-1.25, 30, 1.25],
			"scale": [3, 3, 3]
		}
	},
	"groups": [
		{
			"name": "chapeaudesorciere",
			"origin": [8, 8, 8],
			"color": 0,
			"children": [0, 1, 2, 3, 4, 5, 6]
		}
	]
}