{"parent":"item/handheld","textures":{"layer0":"item/iron_sword"},"overrides":[{"predicate":{"custom_model_data":1},"model":"item/rpg/barbarian_battleaxe/barbarian_axe_common"},{"predicate":{"custom_model_data":2},"model":"item/rpg/barbarian_battleaxe/barbarian_axe_rare"},{"predicate":{"custom_model_data":3},"model":"item/rpg/barbarian_battleaxe/barbarian_axe_epic"},{"predicate":{"custom_model_data":4},"model":"item/rpg/barbarian_battleaxe/barbarian_axe_legendary"},{"predicate":{"custom_model_data":5},"model":"item/rpg/barbarian_battleaxe/barbarian_axe_mythic"}]}