{
	"format_version": "1.21.6",
	"credit": "Made with Blockbench",
	"textures": {
		"1": "item/branche_robuste"
	},
	"elements": [
		{
			"from": [6, 0, 2],
			"to": [8, 1, 12],
			"rotation": {"angle": 0, "axis": "y", "origin": [6, 0, 2]},
			"faces": {
				"north": {"uv": [4, 2, 6, 3], "texture": "#1"},
				"east": {"uv": [4, 0, 14, 1], "texture": "#1"},
				"south": {"uv": [4, 3, 6, 4], "texture": "#1"},
				"west": {"uv": [4, 1, 14, 2], "texture": "#1"},
				"up": {"uv": [2, 10, 0, 0], "texture": "#1"},
				"down": {"uv": [4, 0, 2, 10], "texture": "#1"}
			}
		}
	],
	"display": {
		"head": {
			"translation": [1.25, -30, 1.5],
			"scale": [1.5, 1.5, 1.5]
		}
	},
	"groups": [
		{
			"name": "group",
			"origin": [8, 8, 8],
			"color": 0,
			"children": [0]
		}
	]
}