{
	"format_version": "1.9.0",
	"credit": "Made with Blockbench",
	"textures": {
		"2": "item/funnyglasses",
		"particle": "item/funnyglasses"
	},
	"elements": [
		{
			"from": [11, 3, 6],
			"to": [12, 4, 10],
			"rotation": {"angle": 0, "axis": "y", "origin": [11, 3, 6]},
			"faces": {
				"north": {"uv": [6, 10, 7, 11], "texture": "#2"},
				"east": {"uv": [0, 8, 4, 9], "texture": "#2"},
				"south": {"uv": [7, 10, 8, 11], "texture": "#2"},
				"west": {"uv": [8, 0, 12, 1], "texture": "#2"},
				"up": {"uv": [9, 5, 8, 1], "texture": "#2"},
				"down": {"uv": [5, 8, 4, 12], "texture": "#2"}
			}
		},
		{
			"from": [2, 3, 6],
			"to": [3, 4, 10],
			"rotation": {"angle": 0, "axis": "y", "origin": [2, 3, 6]},
			"faces": {
				"north": {"uv": [8, 10, 9, 11], "texture": "#2"},
				"east": {"uv": [5, 8, 9, 9], "texture": "#2"},
				"south": {"uv": [9, 10, 10, 11], "texture": "#2"},
				"west": {"uv": [8, 5, 12, 6], "texture": "#2"},
				"up": {"uv": [1, 13, 0, 9], "texture": "#2"},
				"down": {"uv": [2, 9, 1, 13], "texture": "#2"}
			}
		},
		{
			"from": [6, 2, 5],
			"to": [8, 3, 6],
			"rotation": {"angle": 0, "axis": "y", "origin": [6, 2, 5]},
			"faces": {
				"north": {"uv": [10, 1, 12, 2], "texture": "#2"},
				"east": {"uv": [10, 9, 11, 10], "texture": "#2"},
				"south": {"uv": [10, 2, 12, 3], "texture": "#2"},
				"west": {"uv": [10, 10, 11, 11], "texture": "#2"},
				"up": {"uv": [12, 4, 10, 3], "texture": "#2"},
				"down": {"uv": [12, 4, 10, 5], "texture": "#2"}
			}
		},
		{
			"name": "leftglass",
			"from": [2, 0, 5],
			"to": [6, 4, 6],
			"rotation": {"angle": 0, "axis": "y", "origin": [2, 0, 5]},
			"faces": {
				"north": {"uv": [0, 0, 4, 4], "texture": "#2"},
				"east": {"uv": [9, 1, 10, 5], "texture": "#2"},
				"south": {"uv": [0, 4, 4, 8], "texture": "#2"},
				"west": {"uv": [2, 9, 3, 13], "texture": "#2"},
				"up": {"uv": [12, 7, 8, 6], "texture": "#2"},
				"down": {"uv": [12, 7, 8, 8], "texture": "#2"}
			}
		},
		{
			"name": "rightglass",
			"from": [8, 0, 5],
			"to": [12, 4, 6],
			"rotation": {"angle": 0, "axis": "y", "origin": [8, 0, 5]},
			"faces": {
				"north": {"uv": [4, 0, 8, 4], "texture": "#2"},
				"east": {"uv": [3, 9, 4, 13], "texture": "#2"},
				"south": {"uv": [4, 4, 8, 8], "texture": "#2"},
				"west": {"uv": [5, 9, 6, 13], "texture": "#2"},
				"up": {"uv": [10, 10, 6, 9], "texture": "#2"},
				"down": {"uv": [13, 8, 9, 9], "texture": "#2"}
			}
		}
	],
	"display": {
		"gui": {
			"rotation": [26, 141, 0],
			"translation": [0, 8.25, 0],
			"scale": [1.4, 1.4, 1.4]
		},
		"head": {
			"translation": [1.5, 11.25, -3.25],
			"scale": [1.75, 1.75, 1.75]
		}
	},
	"groups": [
		{
			"name": "glasse",
			"origin": [8, 8, 8],
			"color": 0,
			"children": [0, 1, 2, 3, 4]
		}
	]
}