{
	"format_version": "1.21.6",
	"credit": "Made with Blockbench",
	"texture_size": [32, 32],
	"textures": {
		"0": "item/ghost",
		"particle": "item/ghost"
	},
	"elements": [
		{
			"from": [6, 5, 7],
			"to": [10, 13, 9],
			"rotation": {"angle": 0, "axis": "y", "origin": [8, 11, 8]},
			"faces": {
				"north": {"uv": [1, 1, 3, 5], "texture": "#0"},
				"east": {"uv": [0, 1, 1, 5], "texture": "#0"},
				"south": {"uv": [4, 1, 6, 5], "texture": "#0"},
				"west": {"uv": [3, 1, 4, 5], "texture": "#0"},
				"up": {"uv": [3, 1, 1, 0], "texture": "#0"},
				"down": {"uv": [5, 0, 3, 1], "texture": "#0"}
			}
		},
		{
			"from": [6, 5, 9],
			"to": [10, 12, 10],
			"rotation": {"angle": 0, "axis": "y", "origin": [8, 11, 10]},
			"faces": {
				"north": {"uv": [0.5, 5.5, 2.5, 9], "texture": "#0"},
				"east": {"uv": [0, 5.5, 0.5, 9], "texture": "#0"},
				"south": {"uv": [3, 5.5, 5, 9], "texture": "#0"},
				"west": {"uv": [2.5, 5.5, 3, 9], "texture": "#0"},
				"up": {"uv": [2.5, 5.5, 0.5, 5], "texture": "#0"},
				"down": {"uv": [4.5, 5, 2.5, 5.5], "texture": "#0"}
			}
		},
		{
			"from": [5, 5, 7],
			"to": [6, 12, 9],
			"rotation": {"angle": 0, "axis": "y", "origin": [3, 11, 7]},
			"faces": {
				"north": {"uv": [7, 1, 7.5, 4.5], "texture": "#0"},
				"east": {"uv": [6, 1, 7, 4.5], "texture": "#0"},
				"south": {"uv": [8.5, 1, 9, 4.5], "texture": "#0"},
				"west": {"uv": [7.5, 1, 8.5, 4.5], "texture": "#0"},
				"up": {"uv": [7.5, 1, 7, 0], "texture": "#0"},
				"down": {"uv": [8, 0, 7.5, 1], "texture": "#0"}
			}
		},
		{
			"from": [10, 5, 7],
			"to": [11, 12, 9],
			"rotation": {"angle": 0, "axis": "y", "origin": [8, 11, 7]},
			"faces": {
				"north": {"uv": [1, 10, 1.5, 13.5], "texture": "#0"},
				"east": {"uv": [0, 10, 1, 13.5], "texture": "#0"},
				"south": {"uv": [2.5, 10, 3, 13.5], "texture": "#0"},
				"west": {"uv": [1.5, 10, 2.5, 13.5], "texture": "#0"},
				"up": {"uv": [1.5, 10, 1, 9], "texture": "#0"},
				"down": {"uv": [2, 9, 1.5, 10], "texture": "#0"}
			}
		},
		{
			"from": [6, 5, 6],
			"to": [10, 12, 7],
			"rotation": {"angle": 0, "axis": "y", "origin": [8, 11, 7]},
			"faces": {
				"north": {"uv": [5.5, 5.5, 7.5, 9], "texture": "#0"},
				"east": {"uv": [5, 5.5, 5.5, 9], "texture": "#0"},
				"south": {"uv": [8, 5.5, 10, 9], "texture": "#0"},
				"west": {"uv": [7.5, 5.5, 8, 9], "texture": "#0"},
				"up": {"uv": [7.5, 5.5, 5.5, 5], "texture": "#0"},
				"down": {"uv": [9.5, 5, 7.5, 5.5], "texture": "#0"}
			}
		},
		{
			"from": [6, 4, 6],
			"to": [9, 5, 7],
			"rotation": {"angle": 0, "axis": "y", "origin": [8, 4, 7]},
			"faces": {
				"north": {"uv": [9.5, 2.5, 11, 3], "texture": "#0"},
				"east": {"uv": [9, 2.5, 9.5, 3], "texture": "#0"},
				"south": {"uv": [11.5, 2.5, 13, 3], "texture": "#0"},
				"west": {"uv": [11, 2.5, 11.5, 3], "texture": "#0"},
				"up": {"uv": [11, 2.5, 9.5, 2], "texture": "#0"},
				"down": {"uv": [12.5, 2, 11, 2.5], "texture": "#0"}
			}
		},
		{
			"from": [6, 3, 6],
			"to": [8, 4, 7],
			"rotation": {"angle": 0, "axis": "y", "origin": [8, 3, 7]},
			"faces": {
				"north": {"uv": [6.5, 9.5, 7.5, 10], "texture": "#0"},
				"east": {"uv": [6, 9.5, 6.5, 10], "texture": "#0"},
				"south": {"uv": [8, 9.5, 9, 10], "texture": "#0"},
				"west": {"uv": [7.5, 9.5, 8, 10], "texture": "#0"},
				"up": {"uv": [7.5, 9.5, 6.5, 9], "texture": "#0"},
				"down": {"uv": [8.5, 9, 7.5, 9.5], "texture": "#0"}
			}
		},
		{
			"from": [5, 4, 7],
			"to": [6, 5, 8],
			"rotation": {"angle": 0, "axis": "y", "origin": [7, 4, 8]},
			"faces": {
				"north": {"uv": [6.5, 10.5, 7, 11], "texture": "#0"},
				"east": {"uv": [6, 10.5, 6.5, 11], "texture": "#0"},
				"south": {"uv": [7.5, 10.5, 8, 11], "texture": "#0"},
				"west": {"uv": [7, 10.5, 7.5, 11], "texture": "#0"},
				"up": {"uv": [7, 10.5, 6.5, 10], "texture": "#0"},
				"down": {"uv": [7.5, 10, 7, 10.5], "texture": "#0"}
			}
		},
		{
			"from": [6, 4, 9],
			"to": [8, 5, 10],
			"rotation": {"angle": 0, "axis": "y", "origin": [8, 4, 10]},
			"faces": {
				"north": {"uv": [9.5, 9.5, 10.5, 10], "texture": "#0"},
				"east": {"uv": [9, 9.5, 9.5, 10], "texture": "#0"},
				"south": {"uv": [11, 9.5, 12, 10], "texture": "#0"},
				"west": {"uv": [10.5, 9.5, 11, 10], "texture": "#0"},
				"up": {"uv": [10.5, 9.5, 9.5, 9], "texture": "#0"},
				"down": {"uv": [11.5, 9, 10.5, 9.5], "texture": "#0"}
			}
		},
		{
			"from": [9, 3, 9],
			"to": [10, 5, 10],
			"rotation": {"angle": 0, "axis": "y", "origin": [11, 4, 10]},
			"faces": {
				"north": {"uv": [10.5, 5.5, 11, 6.5], "texture": "#0"},
				"east": {"uv": [10, 5.5, 10.5, 6.5], "texture": "#0"},
				"south": {"uv": [11.5, 5.5, 12, 6.5], "texture": "#0"},
				"west": {"uv": [11, 5.5, 11.5, 6.5], "texture": "#0"},
				"up": {"uv": [11, 5.5, 10.5, 5], "texture": "#0"},
				"down": {"uv": [11.5, 5, 11, 5.5], "texture": "#0"}
			}
		},
		{
			"from": [10, 4, 7],
			"to": [11, 5, 9],
			"rotation": {"angle": 0, "axis": "y", "origin": [12, 4, 9]},
			"faces": {
				"north": {"uv": [4, 10, 4.5, 10.5], "texture": "#0"},
				"east": {"uv": [3, 10, 4, 10.5], "texture": "#0"},
				"south": {"uv": [5.5, 10, 6, 10.5], "texture": "#0"},
				"west": {"uv": [4.5, 10, 5.5, 10.5], "texture": "#0"},
				"up": {"uv": [4.5, 10, 4, 9], "texture": "#0"},
				"down": {"uv": [5, 9, 4.5, 10], "texture": "#0"}
			}
		},
		{
			"from": [8.5, 9, 5.9],
			"to": [9.5, 10, 5.9],
			"rotation": {"angle": 0, "axis": "y", "origin": [8, 8, 5]},
			"faces": {
				"north": {"uv": [6, 4.5, 6.5, 5], "texture": "#0"},
				"east": {"uv": [6, 4.5, 6, 5], "texture": "#0"},
				"south": {"uv": [6.5, 4.5, 7, 5], "texture": "#0"},
				"west": {"uv": [6.5, 4.5, 6.5, 5], "texture": "#0"},
				"up": {"uv": [6.5, 4.5, 6, 4.5], "texture": "#0"},
				"down": {"uv": [7, 4.5, 6.5, 4.5], "texture": "#0"}
			}
		},
		{
			"from": [6.5, 9, 5.9],
			"to": [7.5, 10, 5.9],
			"rotation": {"angle": 0, "axis": "y", "origin": [6, 8, 5]},
			"faces": {
				"north": {"uv": [7, 4.5, 7.5, 5], "texture": "#0"},
				"east": {"uv": [7, 4.5, 7, 5], "texture": "#0"},
				"south": {"uv": [7.5, 4.5, 8, 5], "texture": "#0"},
				"west": {"uv": [7.5, 4.5, 7.5, 5], "texture": "#0"},
				"up": {"uv": [7.5, 4.5, 7, 4.5], "texture": "#0"},
				"down": {"uv": [8, 4.5, 7.5, 4.5], "texture": "#0"}
			}
		},
		{
			"from": [8, 10, 5.5],
			"to": [10, 11, 6.5],
			"rotation": {"angle": 0, "axis": "y", "origin": [9, 9, 6]},
			"faces": {
				"north": {"uv": [9.5, 4.5, 10.5, 5], "texture": "#0"},
				"east": {"uv": [9, 4.5, 9.5, 5], "texture": "#0"},
				"south": {"uv": [11, 4.5, 12, 5], "texture": "#0"},
				"west": {"uv": [10.5, 4.5, 11, 5], "texture": "#0"},
				"up": {"uv": [10.5, 4.5, 9.5, 4], "texture": "#0"},
				"down": {"uv": [11.5, 4, 10.5, 4.5], "texture": "#0"}
			}
		},
		{
			"from": [6, 10, 5.5],
			"to": [8, 11, 6.5],
			"rotation": {"angle": 0, "axis": "y", "origin": [7, 9, 6]},
			"faces": {
				"north": {"uv": [9.5, 3.5, 10.5, 4], "texture": "#0"},
				"east": {"uv": [9, 3.5, 9.5, 4], "texture": "#0"},
				"south": {"uv": [11, 3.5, 12, 4], "texture": "#0"},
				"west": {"uv": [10.5, 3.5, 11, 4], "texture": "#0"},
				"up": {"uv": [10.5, 3.5, 9.5, 3], "texture": "#0"},
				"down": {"uv": [11.5, 3, 10.5, 3.5], "texture": "#0"}
			}
		},
		{
			"from": [8, 9, 8],
			"to": [13, 10, 9],
			"rotation": {"angle": -45, "axis": "z", "origin": [9, 8, 9]},
			"faces": {
				"north": {"uv": [9.5, 1.5, 12, 2], "texture": "#0"},
				"east": {"uv": [9, 1.5, 9.5, 2], "texture": "#0"},
				"south": {"uv": [12.5, 1.5, 15, 2], "texture": "#0"},
				"west": {"uv": [12, 1.5, 12.5, 2], "texture": "#0"},
				"up": {"uv": [12, 1.5, 9.5, 1], "texture": "#0"},
				"down": {"uv": [14.5, 1, 12, 1.5], "texture": "#0"}
			}
		},
		{
			"from": [4, 7, 8],
			"to": [9, 8, 9],
			"rotation": {"angle": 45, "axis": "z", "origin": [5, 6, 9]},
			"faces": {
				"north": {"uv": [9.5, 0.5, 12, 1], "texture": "#0"},
				"east": {"uv": [9, 0.5, 9.5, 1], "texture": "#0"},
				"south": {"uv": [12.5, 0.5, 15, 1], "texture": "#0"},
				"west": {"uv": [12, 0.5, 12.5, 1], "texture": "#0"},
				"up": {"uv": [12, 0.5, 9.5, 0], "texture": "#0"},
				"down": {"uv": [14.5, 0, 12, 0.5], "texture": "#0"}
			}
		}
	],
	"display": {
		"thirdperson_righthand": {
			"scale": [2, 2, 2]
		},
		"head": {
			"scale": [2, 2, 2]
		}
	},
	"groups": [
		{
			"name": "fantome",
			"origin": [7.90909, 6.22727, 7.95455],
			"color": 0,
			"children": [
				0,
				1,
				2,
				3,
				4,
				5,
				6,
				7,
				8,
				9,
				10,
				{
					"name": "yeux",
					"origin": [8, 0, 8],
					"color": 0,
					"children": [
						{
							"name": "droite",
							"origin": [9, 9.5, 5.9],
							"color": 0,
							"children": [11]
						},
						{
							"name": "gauche",
							"origin": [7, 9.5, 5.9],
							"color": 0,
							"children": [12]
						}
					]
				},
				{
					"name": "sourcis",
					"origin": [8, 0, 8],
					"color": 0,
					"children": [
						{
							"name": "sourcisdroite",
							"origin": [9, 10.5, 6],
							"color": 0,
							"children": [13]
						},
						{
							"name": "sourcisgauche",
							"origin": [7, 10.5, 6],
							"color": 0,
							"children": [14]
						}
					]
				},
				{
					"name": "brasdroite",
					"origin": [10.5, 8.5, 8.5],
					"color": 0,
					"children": [15]
				},
				{
					"name": "brasgauche",
					"origin": [5.5, 8.5, 8.5],
					"color": 0,
					"children": [16]
				}
			]
		}
	]
}