{
	"format_version": "1.21.6",
	"credit": "Made with Blockbench",
	"texture_size": [64, 64],
	"textures": {
		"0": "item/broom",
		"particle": "item/broom"
	},
	"elements": [
		{
			"from": [8, 5, -2],
			"to": [9, 6, 14],
			"rotation": {"angle": 0, "axis": "y", "origin": [8.5, 5.5, 6]},
			"faces": {
				"north": {"uv": [4, 4, 4.25, 4.25], "texture": "#0"},
				"east": {"uv": [0, 4, 4, 4.25], "texture": "#0"},
				"south": {"uv": [8.25, 4, 8.5, 4.25], "texture": "#0"},
				"west": {"uv": [4.25, 4, 8.25, 4.25], "texture": "#0"},
				"up": {"uv": [4.25, 4, 4, 0], "texture": "#0"},
				"down": {"uv": [4.5, 0, 4.25, 4], "texture": "#0"}
			}
		},
		{
			"from": [7, 4, 13],
			"to": [10, 7, 14],
			"rotation": {"angle": 0, "axis": "y", "origin": [8, 5, 14]},
			"faces": {
				"north": {"uv": [10.75, 12.25, 11.5, 13], "texture": "#0"},
				"east": {"uv": [10.5, 12.25, 10.75, 13], "texture": "#0"},
				"south": {"uv": [11.75, 12.25, 12.5, 13], "texture": "#0"},
				"west": {"uv": [11.5, 12.25, 11.75, 13], "texture": "#0"},
				"up": {"uv": [11.5, 12.25, 10.75, 12], "texture": "#0"},
				"down": {"uv": [12.25, 12, 11.5, 12.25], "texture": "#0"}
			}
		},
		{
			"from": [8, 5, 14],
			"to": [9, 6, 22],
			"rotation": {"angle": 0, "axis": "y", "origin": [8, 5, 15]},
			"faces": {
				"north": {"uv": [2, 6.25, 2.25, 6.5], "texture": "#0"},
				"east": {"uv": [0, 6.25, 2, 6.5], "texture": "#0"},
				"south": {"uv": [4.25, 6.25, 4.5, 6.5], "texture": "#0"},
				"west": {"uv": [2.25, 6.25, 4.25, 6.5], "texture": "#0"},
				"up": {"uv": [2.25, 6.25, 2, 4.25], "texture": "#0"},
				"down": {"uv": [2.5, 4.25, 2.25, 6.25], "texture": "#0"}
			}
		},
		{
			"from": [8, 5, 14],
			"to": [9, 6, 20],
			"rotation": {"angle": -45, "axis": "x", "origin": [8, 5, 15]},
			"faces": {
				"north": {"uv": [8.5, 12, 8.75, 12.25], "texture": "#0"},
				"east": {"uv": [7, 12, 8.5, 12.25], "texture": "#0"},
				"south": {"uv": [10.25, 12, 10.5, 12.25], "texture": "#0"},
				"west": {"uv": [8.75, 12, 10.25, 12.25], "texture": "#0"},
				"up": {"uv": [8.75, 12, 8.5, 10.5], "texture": "#0"},
				"down": {"uv": [9, 10.5, 8.75, 12], "texture": "#0"}
			}
		},
		{
			"from": [8, 5, 14],
			"to": [9, 6, 21],
			"rotation": {"angle": -45, "axis": "x", "origin": [8, 5, 15]},
			"faces": {
				"north": {"uv": [10.25, 10.25, 10.5, 10.5], "texture": "#0"},
				"east": {"uv": [8.5, 10.25, 10.25, 10.5], "texture": "#0"},
				"south": {"uv": [12.25, 10.25, 12.5, 10.5], "texture": "#0"},
				"west": {"uv": [10.5, 10.25, 12.25, 10.5], "texture": "#0"},
				"up": {"uv": [10.5, 10.25, 10.25, 8.5], "texture": "#0"},
				"down": {"uv": [10.75, 8.5, 10.5, 10.25], "texture": "#0"}
			}
		},
		{
			"from": [8, 5, 13],
			"to": [9, 6, 21],
			"rotation": {"angle": 45, "axis": "x", "origin": [8, 5, 14]},
			"faces": {
				"north": {"uv": [2, 8.5, 2.25, 8.75], "texture": "#0"},
				"east": {"uv": [0, 8.5, 2, 8.75], "texture": "#0"},
				"south": {"uv": [4.25, 8.5, 4.5, 8.75], "texture": "#0"},
				"west": {"uv": [2.25, 8.5, 4.25, 8.75], "texture": "#0"},
				"up": {"uv": [2.25, 8.5, 2, 6.5], "texture": "#0"},
				"down": {"uv": [2.5, 6.5, 2.25, 8.5], "texture": "#0"}
			}
		},
		{
			"from": [8.5, 5, 14],
			"to": [9.5, 6, 20],
			"rotation": {"angle": 45, "axis": "x", "origin": [9, 5, 15]},
			"faces": {
				"north": {"uv": [5, 12, 5.25, 12.25], "texture": "#0"},
				"east": {"uv": [3.5, 12, 5, 12.25], "texture": "#0"},
				"south": {"uv": [6.75, 12, 7, 12.25], "texture": "#0"},
				"west": {"uv": [5.25, 12, 6.75, 12.25], "texture": "#0"},
				"up": {"uv": [5.25, 12, 5, 10.5], "texture": "#0"},
				"down": {"uv": [5.5, 10.5, 5.25, 12], "texture": "#0"}
			}
		},
		{
			"from": [9, 5, 14],
			"to": [10, 6, 21],
			"rotation": {"angle": -45, "axis": "x", "origin": [9, 5, 15]},
			"faces": {
				"north": {"uv": [10.25, 8.25, 10.5, 8.5], "texture": "#0"},
				"east": {"uv": [8.5, 8.25, 10.25, 8.5], "texture": "#0"},
				"south": {"uv": [12.25, 8.25, 12.5, 8.5], "texture": "#0"},
				"west": {"uv": [10.5, 8.25, 12.25, 8.5], "texture": "#0"},
				"up": {"uv": [10.5, 8.25, 10.25, 6.5], "texture": "#0"},
				"down": {"uv": [10.75, 6.5, 10.5, 8.25], "texture": "#0"}
			}
		},
		{
			"from": [8, 5, 14],
			"to": [9, 6, 21],
			"rotation": {"angle": 45, "axis": "x", "origin": [8, 5, 15]},
			"faces": {
				"north": {"uv": [6.25, 10.25, 6.5, 10.5], "texture": "#0"},
				"east": {"uv": [4.5, 10.25, 6.25, 10.5], "texture": "#0"},
				"south": {"uv": [8.25, 10.25, 8.5, 10.5], "texture": "#0"},
				"west": {"uv": [6.5, 10.25, 8.25, 10.5], "texture": "#0"},
				"up": {"uv": [6.5, 10.25, 6.25, 8.5], "texture": "#0"},
				"down": {"uv": [6.75, 8.5, 6.5, 10.25], "texture": "#0"}
			}
		},
		{
			"from": [8, 5, 13],
			"to": [9, 6, 20],
			"rotation": {"angle": -45, "axis": "y", "origin": [8, 5, 14]},
			"faces": {
				"north": {"uv": [10.25, 3.75, 10.5, 4], "texture": "#0"},
				"east": {"uv": [8.5, 3.75, 10.25, 4], "texture": "#0"},
				"south": {"uv": [12.25, 3.75, 12.5, 4], "texture": "#0"},
				"west": {"uv": [10.5, 3.75, 12.25, 4], "texture": "#0"},
				"up": {"uv": [10.5, 3.75, 10.25, 2], "texture": "#0"},
				"down": {"uv": [10.75, 2, 10.5, 3.75], "texture": "#0"}
			}
		},
		{
			"from": [8, 5, 13],
			"to": [9, 6, 19],
			"rotation": {"angle": 45, "axis": "x", "origin": [8, 5, 14]},
			"faces": {
				"north": {"uv": [1.5, 12, 1.75, 12.25], "texture": "#0"},
				"east": {"uv": [0, 12, 1.5, 12.25], "texture": "#0"},
				"south": {"uv": [3.25, 12, 3.5, 12.25], "texture": "#0"},
				"west": {"uv": [1.75, 12, 3.25, 12.25], "texture": "#0"},
				"up": {"uv": [1.75, 12, 1.5, 10.5], "texture": "#0"},
				"down": {"uv": [2, 10.5, 1.75, 12], "texture": "#0"}
			}
		},
		{
			"from": [8, 5, 14],
			"to": [9, 6, 20],
			"rotation": {"angle": 45, "axis": "x", "origin": [8, 5, 15]},
			"faces": {
				"north": {"uv": [10.5, 5.5, 10.75, 5.75], "texture": "#0"},
				"east": {"uv": [9, 5.5, 10.5, 5.75], "texture": "#0"},
				"south": {"uv": [12.25, 5.5, 12.5, 5.75], "texture": "#0"},
				"west": {"uv": [10.75, 5.5, 12.25, 5.75], "texture": "#0"},
				"up": {"uv": [10.75, 5.5, 10.5, 4], "texture": "#0"},
				"down": {"uv": [11, 4, 10.75, 5.5], "texture": "#0"}
			}
		},
		{
			"from": [8, 5, 14],
			"to": [9, 6, 21],
			"rotation": {"angle": 45, "axis": "y", "origin": [8, 5, 15]},
			"faces": {
				"north": {"uv": [10.25, 1.75, 10.5, 2], "texture": "#0"},
				"east": {"uv": [8.5, 1.75, 10.25, 2], "texture": "#0"},
				"south": {"uv": [12.25, 1.75, 12.5, 2], "texture": "#0"},
				"west": {"uv": [10.5, 1.75, 12.25, 2], "texture": "#0"},
				"up": {"uv": [10.5, 1.75, 10.25, 0], "texture": "#0"},
				"down": {"uv": [10.75, 0, 10.5, 1.75], "texture": "#0"}
			}
		},
		{
			"from": [9, 5, 14],
			"to": [10, 6, 20],
			"rotation": {"angle": 45, "axis": "y", "origin": [9, 5, 15]},
			"faces": {
				"north": {"uv": [1.5, 10.25, 1.75, 10.5], "texture": "#0"},
				"east": {"uv": [0, 10.25, 1.5, 10.5], "texture": "#0"},
				"south": {"uv": [3.25, 10.25, 3.5, 10.5], "texture": "#0"},
				"west": {"uv": [1.75, 10.25, 3.25, 10.5], "texture": "#0"},
				"up": {"uv": [1.75, 10.25, 1.5, 8.75], "texture": "#0"},
				"down": {"uv": [2, 8.75, 1.75, 10.25], "texture": "#0"}
			}
		},
		{
			"from": [8, 4.5, 13],
			"to": [9, 5.5, 18],
			"rotation": {"angle": 45, "axis": "x", "origin": [8, 4, 14]},
			"faces": {
				"north": {"uv": [11.75, 11.75, 12, 12], "texture": "#0"},
				"east": {"uv": [10.5, 11.75, 11.75, 12], "texture": "#0"},
				"south": {"uv": [13.25, 11.75, 13.5, 12], "texture": "#0"},
				"west": {"uv": [12, 11.75, 13.25, 12], "texture": "#0"},
				"up": {"uv": [12, 11.75, 11.75, 10.5], "texture": "#0"},
				"down": {"uv": [12.25, 10.5, 12, 11.75], "texture": "#0"}
			}
		},
		{
			"from": [8, 5, 13],
			"to": [9, 6, 20],
			"rotation": {"angle": -45, "axis": "y", "origin": [8, 5, 14]},
			"faces": {
				"north": {"uv": [6.25, 8.25, 6.5, 8.5], "texture": "#0"},
				"east": {"uv": [4.5, 8.25, 6.25, 8.5], "texture": "#0"},
				"south": {"uv": [8.25, 8.25, 8.5, 8.5], "texture": "#0"},
				"west": {"uv": [6.5, 8.25, 8.25, 8.5], "texture": "#0"},
				"up": {"uv": [6.5, 8.25, 6.25, 6.5], "texture": "#0"},
				"down": {"uv": [6.75, 6.5, 6.5, 8.25], "texture": "#0"}
			}
		},
		{
			"from": [9, 5, 14],
			"to": [10, 6, 22],
			"rotation": {"angle": 45, "axis": "y", "origin": [9, 5, 15]},
			"faces": {
				"north": {"uv": [6.5, 6.25, 6.75, 6.5], "texture": "#0"},
				"east": {"uv": [4.5, 6.25, 6.5, 6.5], "texture": "#0"},
				"south": {"uv": [8.75, 6.25, 9, 6.5], "texture": "#0"},
				"west": {"uv": [6.75, 6.25, 8.75, 6.5], "texture": "#0"},
				"up": {"uv": [6.75, 6.25, 6.5, 4.25], "texture": "#0"},
				"down": {"uv": [7, 4.25, 6.75, 6.25], "texture": "#0"}
			}
		},
		{
			"from": [6, 6, -1],
			"to": [8, 7, -1],
			"rotation": {"angle": 0, "axis": "y", "origin": [8, 7, 0]},
			"faces": {
				"north": {"uv": [9, 5.75, 9.5, 6], "texture": "#0"},
				"east": {"uv": [9, 5.75, 9, 6], "texture": "#0"},
				"south": {"uv": [9.5, 5.75, 10, 6], "texture": "#0"},
				"west": {"uv": [9.5, 5.75, 9.5, 6], "texture": "#0"},
				"up": {"uv": [9.5, 5.75, 9, 5.75], "texture": "#0"},
				"down": {"uv": [10, 5.75, 9.5, 5.75], "texture": "#0"}
			}
		},
		{
			"from": [9, 6, -1],
			"to": [11, 7, -1],
			"rotation": {"angle": 0, "axis": "y", "origin": [11, 7, 0]},
			"faces": {
				"north": {"uv": [9, 6, 9.5, 6.25], "texture": "#0"},
				"east": {"uv": [9, 6, 9, 6.25], "texture": "#0"},
				"south": {"uv": [9.5, 6, 10, 6.25], "texture": "#0"},
				"west": {"uv": [9.5, 6, 9.5, 6.25], "texture": "#0"},
				"up": {"uv": [9.5, 6, 9, 6], "texture": "#0"},
				"down": {"uv": [10, 6, 9.5, 6], "texture": "#0"}
			}
		},
		{
			"from": [7, 4, -1],
			"to": [8, 5, -1],
			"rotation": {"angle": 0, "axis": "y", "origin": [8, 5, 0]},
			"faces": {
				"north": {"uv": [8.5, 4, 8.75, 4.25], "texture": "#0"},
				"east": {"uv": [8.5, 4, 8.5, 4.25], "texture": "#0"},
				"south": {"uv": [8.75, 4, 9, 4.25], "texture": "#0"},
				"west": {"uv": [8.75, 4, 8.75, 4.25], "texture": "#0"},
				"up": {"uv": [8.75, 4, 8.5, 4], "texture": "#0"},
				"down": {"uv": [9, 4, 8.75, 4], "texture": "#0"}
			}
		},
		{
			"from": [4.65, 4, -1],
			"to": [6.65, 5, -1],
			"rotation": {"angle": 45, "axis": "z", "origin": [8, 5, 0]},
			"faces": {
				"north": {"uv": [3.5, 8.75, 4, 9], "texture": "#0"},
				"east": {"uv": [3.5, 8.75, 3.5, 9], "texture": "#0"},
				"south": {"uv": [4, 8.75, 4.5, 9], "texture": "#0"},
				"west": {"uv": [4, 8.75, 4, 9], "texture": "#0"},
				"up": {"uv": [4, 8.75, 3.5, 8.75], "texture": "#0"},
				"down": {"uv": [4.5, 8.75, 4, 8.75], "texture": "#0"}
			}
		},
		{
			"from": [9.15, 1, -1],
			"to": [11.15, 2, -1],
			"rotation": {"angle": -45, "axis": "z", "origin": [12, 2, 0]},
			"faces": {
				"north": {"uv": [3.5, 9, 4, 9.25], "texture": "#0"},
				"east": {"uv": [3.5, 9, 3.5, 9.25], "texture": "#0"},
				"south": {"uv": [4, 9, 4.5, 9.25], "texture": "#0"},
				"west": {"uv": [4, 9, 4, 9.25], "texture": "#0"},
				"up": {"uv": [4, 9, 3.5, 9], "texture": "#0"},
				"down": {"uv": [4.5, 9, 4, 9], "texture": "#0"}
			}
		},
		{
			"from": [9, 4, -1],
			"to": [10, 5, -1],
			"rotation": {"angle": 0, "axis": "y", "origin": [10, 5, 0]},
			"faces": {
				"north": {"uv": [9, 6.25, 9.25, 6.5], "texture": "#0"},
				"east": {"uv": [9, 6.25, 9, 6.5], "texture": "#0"},
				"south": {"uv": [9.25, 6.25, 9.5, 6.5], "texture": "#0"},
				"west": {"uv": [9.25, 6.25, 9.25, 6.5], "texture": "#0"},
				"up": {"uv": [9.25, 6.25, 9, 6.25], "texture": "#0"},
				"down": {"uv": [9.5, 6.25, 9.25, 6.25], "texture": "#0"}
			}
		}
	],
	"display": {
		"head": {
			"scale": [2, 2, 2]
		}
	},
	"groups": [
		{
			"name": "body",
			"origin": [8, 0, 10],
			"color": 0,
			"children": [
				{
					"name": "bois",
					"origin": [8.5, 5.5, 9.75],
					"color": 0,
					"children": [0, 1]
				},
				{
					"name": "paille",
					"origin": [9, 5, 14],
					"color": 0,
					"children": [2, 3, 4, 5, 6, 7, 8, 9, 10, 11, 12, 13, 14, 15, 16]
				}
			]
		},
		{
			"name": "noeud",
			"origin": [8.5, 5.5, -0.5],
			"color": 0,
			"children": [
				{
					"name": "hautdroite",
					"origin": [8, 0, 8],
					"color": 0,
					"children": [17]
				},
				{
					"name": "hautgauche",
					"origin": [8, 0, 8],
					"color": 0,
					"children": [18]
				},
				{
					"name": "basdroite",
					"origin": [8, 0, 8],
					"color": 0,
					"children": [19, 20]
				},
				{
					"name": "basgauche",
					"origin": [8, 0, 8],
					"color": 0,
					"children": [21, 22]
				}
			]
		}
	]
}