{
	"format_version": "1.21.6",
	"credit": "Made with Blockbench",
	"texture_size": [64, 64],
	"textures": {
		"0": "item/yoshi",
		"particle": "item/yoshi"
	},
	"elements": [
		{
			"from": [3, 4, -7],
			"to": [4, 6, -4],
			"rotation": {"angle": 0, "axis": "y", "origin": [4, 4, -6]},
			"faces": {
				"north": {"uv": [9.75, 3.25, 10, 3.75], "texture": "#0"},
				"east": {"uv": [9, 3.25, 9.75, 3.75], "texture": "#0"},
				"south": {"uv": [10.75, 3.25, 11, 3.75], "texture": "#0"},
				"west": {"uv": [10, 3.25, 10.75, 3.75], "texture": "#0"},
				"up": {"uv": [10, 3.25, 9.75, 2.5], "texture": "#0"},
				"down": {"uv": [10.25, 2.5, 10, 3.25], "texture": "#0"}
			}
		},
		{
			"from": [3, 6, -5],
			"to": [4, 8, -4],
			"rotation": {"angle": 0, "axis": "y", "origin": [4, 6, -6]},
			"faces": {
				"north": {"uv": [8.75, 10.5, 9, 11], "texture": "#0"},
				"east": {"uv": [8.5, 10.5, 8.75, 11], "texture": "#0"},
				"south": {"uv": [9.25, 10.5, 9.5, 11], "texture": "#0"},
				"west": {"uv": [9, 10.5, 9.25, 11], "texture": "#0"},
				"up": {"uv": [9, 10.5, 8.75, 10.25], "texture": "#0"},
				"down": {"uv": [9.25, 10.25, 9, 10.5], "texture": "#0"}
			}
		}
	],
	"display": {
		"head": {
			"translation": [36.75, -16.75, 43],
			"scale": [4, 4, 4]
		}
	},
	"groups": [
		{
			"name": "leftarm",
			"origin": [3, 8, -4],
			"color": 0,
			"children": [0, 1]
		}
	]
}