{
	"format_version": "1.21.6",
	"credit": "Made with Blockbench",
	"texture_size": [32, 32],
	"textures": {
		"0": "item/momie",
		"particle": "item/momie"
	},
	"elements": [
		{
			"from": [6.5, 6, 6],
			"to": [11.5, 13, 11],
			"rotation": {"angle": 0, "axis": "y", "origin": [8, 6, 6]},
			"faces": {
				"north": {"uv": [0, 0, 2.5, 3.5], "texture": "#0"},
				"east": {"uv": [2.5, 0, 5, 3.5], "texture": "#0"},
				"south": {"uv": [0, 3.5, 2.5, 7], "texture": "#0"},
				"west": {"uv": [2.5, 3.5, 5, 7], "texture": "#0"},
				"up": {"uv": [7.5, 2.5, 5, 0], "texture": "#0"},
				"down": {"uv": [7.5, 2.5, 5, 5], "texture": "#0"}
			}
		},
		{
			"from": [6.1, 3, 6.5],
			"to": [9.9, 8, 10.5],
			"rotation": {"angle": -22.5, "axis": "z", "origin": [8, 4, 8.5]},
			"faces": {
				"north": {"uv": [7.5, 0, 9.375, 2.5], "texture": "#0"},
				"east": {"uv": [5, 5, 7, 7.5], "texture": "#0"},
				"south": {"uv": [7.5, 2.5, 9.375, 5], "texture": "#0"},
				"west": {"uv": [0, 7, 2, 9.5], "texture": "#0"},
				"up": {"uv": [9.875, 9.5, 8, 7.5], "texture": "#0"},
				"down": {"uv": [10.875, 5, 9, 7], "texture": "#0"}
			}
		},
		{
			"from": [7, 11, 6.5],
			"to": [10.8, 16, 10.5],
			"rotation": {"angle": 22.5, "axis": "z", "origin": [8, 13, 8]},
			"faces": {
				"north": {"uv": [4, 7.5, 5.875, 10], "texture": "#0"},
				"east": {"uv": [2, 7, 4, 9.5], "texture": "#0"},
				"south": {"uv": [6, 7.5, 7.875, 10], "texture": "#0"},
				"west": {"uv": [7, 5, 9, 7.5], "texture": "#0"},
				"up": {"uv": [1.875, 11.5, 0, 9.5], "texture": "#0"},
				"down": {"uv": [11.375, 0, 9.5, 2], "texture": "#0"}
			}
		},
		{
			"from": [6.1, 1, 7.5],
			"to": [7.9, 8, 9.5],
			"rotation": {"angle": -22.5, "axis": "z", "origin": [7, 2, 8.5]},
			"faces": {
				"north": {"uv": [8, 9.5, 8.875, 13], "texture": "#0"},
				"east": {"uv": [2, 9.5, 3, 13], "texture": "#0"},
				"south": {"uv": [9, 9.5, 9.875, 13], "texture": "#0"},
				"west": {"uv": [3, 9.5, 4, 13], "texture": "#0"},
				"up": {"uv": [10.375, 5, 9.5, 4], "texture": "#0"},
				"down": {"uv": [7.875, 10, 7, 11], "texture": "#0"}
			}
		},
		{
			"from": [8.5, 14, 7.5],
			"to": [10.5, 18, 9.3],
			"rotation": {"angle": 22.5, "axis": "z", "origin": [8, 11, 8]},
			"faces": {
				"north": {"uv": [9.5, 2, 10.5, 4], "texture": "#0"},
				"east": {"uv": [5, 10, 5.875, 12], "texture": "#0"},
				"south": {"uv": [4, 10, 5, 12], "texture": "#0"},
				"west": {"uv": [6, 10, 6.875, 12], "texture": "#0"},
				"up": {"uv": [11, 7.875, 10, 7], "texture": "#0"},
				"down": {"uv": [11, 8, 10, 8.875], "texture": "#0"}
			}
		}
	],
	"display": {
		"gui": {
			"rotation": [2, 39, -43],
			"translation": [0, -1.5, 0]
		},
		"head": {
			"rotation": [0, 90, 0],
			"translation": [0, -60, 10.5],
			"scale": [2, 2, 2]
		}
	},
	"groups": [
		{
			"name": "coconchelou",
			"origin": [8, 8, 8],
			"color": 0,
			"children": [0, 1, 2, 3, 4]
		}
	]
}