{
	"format_version": "1.21.6",
	"credit": "Made with Blockbench",
	"texture_size": [32, 32],
	"textures": {
		"0": "item/reaper_tool",
		"particle": "item/reaper_tool"
	},
	"elements": [
		{
			"from": [7, 0, 7],
			"to": [8, 32, 8],
			"rotation": {"angle": 0, "axis": "x", "origin": [7.5, 23.25, 3.25]},
			"faces": {
				"north": {"uv": [0, 0, 0.5, 16], "texture": "#0"},
				"east": {"uv": [0.5, 0, 1, 16], "texture": "#0"},
				"south": {"uv": [1, 0, 1.5, 16], "texture": "#0"},
				"west": {"uv": [1.5, 0, 2, 16], "texture": "#0"},
				"up": {"uv": [11, 10, 10.5, 9.5], "texture": "#0"},
				"down": {"uv": [10.5, 10.5, 10, 11], "texture": "#0"}
			}
		},
		{
			"from": [6.5, 30, 6.5],
			"to": [8.5, 31, 8.5],
			"rotation": {"angle": 0, "axis": "x", "origin": [7.5, 23.25, 3.25]},
			"faces": {
				"north": {"uv": [9.5, 5, 10.5, 5.5], "texture": "#0"},
				"east": {"uv": [10, 0, 11, 0.5], "texture": "#0"},
				"south": {"uv": [10, 0.5, 11, 1], "texture": "#0"},
				"west": {"uv": [3, 10.5, 4, 11], "texture": "#0"},
				"up": {"uv": [8.5, 3.5, 7.5, 2.5], "texture": "#0"},
				"down": {"uv": [8.5, 3.5, 7.5, 4.5], "texture": "#0"}
			}
		},
		{
			"from": [6.5, 25, 6.5],
			"to": [8.5, 26, 8.5],
			"rotation": {"angle": 0, "axis": "x", "origin": [7.5, 23.25, 3.25]},
			"faces": {
				"north": {"uv": [10.5, 3, 11.5, 3.5], "texture": "#0"},
				"east": {"uv": [10.5, 3.5, 11.5, 4], "texture": "#0"},
				"south": {"uv": [4, 10.5, 5, 11], "texture": "#0"},
				"west": {"uv": [10.5, 4, 11.5, 4.5], "texture": "#0"},
				"up": {"uv": [9, 8.5, 8, 7.5], "texture": "#0"},
				"down": {"uv": [9.5, 2.5, 8.5, 3.5], "texture": "#0"}
			}
		},
		{
			"from": [7, 26, 4],
			"to": [8, 30, 11],
			"rotation": {"angle": 0, "axis": "x", "origin": [7.5, 23.25, 3.25]},
			"faces": {
				"north": {"uv": [8, 8.5, 8.5, 10.5], "texture": "#0"},
				"east": {"uv": [2, 0, 5.5, 2], "texture": "#0"},
				"south": {"uv": [8.5, 8.5, 9, 10.5], "texture": "#0"},
				"west": {"uv": [2, 2, 5.5, 4], "texture": "#0"},
				"up": {"uv": [2.5, 10.5, 2, 7], "texture": "#0"},
				"down": {"uv": [3, 7, 2.5, 10.5], "texture": "#0"}
			}
		},
		{
			"from": [7, 27, -3],
			"to": [8, 30, 4],
			"rotation": {"angle": 0, "axis": "x", "origin": [7.5, 23.25, 3.25]},
			"faces": {
				"north": {"uv": [9.5, 9.5, 10, 11], "texture": "#0"},
				"east": {"uv": [2, 4, 5.5, 5.5], "texture": "#0"},
				"south": {"uv": [10, 1.5, 10.5, 3], "texture": "#0"},
				"west": {"uv": [5.5, 0, 9, 1.5], "texture": "#0"},
				"up": {"uv": [3.5, 10.5, 3, 7], "texture": "#0"},
				"down": {"uv": [4, 7, 3.5, 10.5], "texture": "#0"}
			}
		},
		{
			"from": [7, 26, -7],
			"to": [8, 29, -3],
			"rotation": {"angle": 0, "axis": "x", "origin": [7.5, 23.25, 3.25]},
			"faces": {
				"north": {"uv": [10, 3, 10.5, 4.5], "texture": "#0"},
				"east": {"uv": [5.5, 1.5, 7.5, 3], "texture": "#0"},
				"south": {"uv": [7, 10, 7.5, 11.5], "texture": "#0"},
				"west": {"uv": [2, 5.5, 4, 7], "texture": "#0"},
				"up": {"uv": [9.5, 9.5, 9, 7.5], "texture": "#0"},
				"down": {"uv": [10, 2.5, 9.5, 4.5], "texture": "#0"}
			}
		},
		{
			"from": [7, 25, -10],
			"to": [8, 26, -2],
			"rotation": {"angle": 0, "axis": "x", "origin": [7.5, 23.25, 3.25]},
			"faces": {
				"north": {"uv": [10.5, 10, 11, 10.5], "texture": "#0"},
				"east": {"uv": [5.5, 4.5, 9.5, 5], "texture": "#0"},
				"south": {"uv": [10.5, 10.5, 11, 11], "texture": "#0"},
				"west": {"uv": [5.5, 5, 9.5, 5.5], "texture": "#0"},
				"up": {"uv": [6.5, 9.5, 6, 5.5], "texture": "#0"},
				"down": {"uv": [7, 5.5, 6.5, 9.5], "texture": "#0"}
			}
		},
		{
			"from": [7, 26, -9],
			"to": [8, 27, -7],
			"rotation": {"angle": 0, "axis": "x", "origin": [7.5, 23.25, 3.25]},
			"faces": {
				"north": {"uv": [11, 0, 11.5, 0.5], "texture": "#0"},
				"east": {"uv": [5, 10.5, 6, 11], "texture": "#0"},
				"south": {"uv": [11, 0.5, 11.5, 1], "texture": "#0"},
				"west": {"uv": [10.5, 5, 11.5, 5.5], "texture": "#0"},
				"up": {"uv": [11, 6.5, 10.5, 5.5], "texture": "#0"},
				"down": {"uv": [11, 6.5, 10.5, 7.5], "texture": "#0"}
			}
		},
		{
			"from": [7, 23, -10],
			"to": [8, 25, -8],
			"rotation": {"angle": 0, "axis": "x", "origin": [7.5, 23.25, 3.25]},
			"faces": {
				"north": {"uv": [10.5, 7.5, 11, 8.5], "texture": "#0"},
				"east": {"uv": [8.5, 3.5, 9.5, 4.5], "texture": "#0"},
				"south": {"uv": [8, 10.5, 8.5, 11.5], "texture": "#0"},
				"west": {"uv": [9, 0, 10, 1], "texture": "#0"},
				"up": {"uv": [9, 11.5, 8.5, 10.5], "texture": "#0"},
				"down": {"uv": [11, 8.5, 10.5, 9.5], "texture": "#0"}
			}
		},
		{
			"from": [7, 21, -11],
			"to": [8, 24, -10],
			"rotation": {"angle": 0, "axis": "x", "origin": [7.5, 22.25, 2.25]},
			"faces": {
				"north": {"uv": [7.5, 10, 8, 11.5], "texture": "#0"},
				"east": {"uv": [10, 7.5, 10.5, 9], "texture": "#0"},
				"south": {"uv": [10, 9, 10.5, 10.5], "texture": "#0"},
				"west": {"uv": [10.5, 1.5, 11, 3], "texture": "#0"},
				"up": {"uv": [11.5, 1.5, 11, 1], "texture": "#0"},
				"down": {"uv": [11.5, 1.5, 11, 2], "texture": "#0"}
			}
		},
		{
			"from": [7, 22, -10],
			"to": [8, 23, -9],
			"rotation": {"angle": 0, "axis": "x", "origin": [7.5, 22.25, 3.25]},
			"faces": {
				"north": {"uv": [11, 2, 11.5, 2.5], "texture": "#0"},
				"east": {"uv": [11, 2.5, 11.5, 3], "texture": "#0"},
				"south": {"uv": [3, 11, 3.5, 11.5], "texture": "#0"},
				"west": {"uv": [3.5, 11, 4, 11.5], "texture": "#0"},
				"up": {"uv": [4.5, 11.5, 4, 11], "texture": "#0"},
				"down": {"uv": [5, 11, 4.5, 11.5], "texture": "#0"}
			}
		},
		{
			"from": [7, 24, -8],
			"to": [8, 25, -4],
			"rotation": {"angle": 0, "axis": "x", "origin": [7.5, 23.25, 3.25]},
			"faces": {
				"north": {"uv": [5, 11, 5.5, 11.5], "texture": "#0"},
				"east": {"uv": [9, 1, 11, 1.5], "texture": "#0"},
				"south": {"uv": [5.5, 11, 6, 11.5], "texture": "#0"},
				"west": {"uv": [9.5, 4.5, 11.5, 5], "texture": "#0"},
				"up": {"uv": [6.5, 11.5, 6, 9.5], "texture": "#0"},
				"down": {"uv": [7, 9.5, 6.5, 11.5], "texture": "#0"}
			}
		},
		{
			"from": [7, 26, -3],
			"to": [8, 27, 4],
			"rotation": {"angle": 0, "axis": "x", "origin": [7.5, 23.25, 3.25]},
			"faces": {
				"north": {"uv": [11, 5.5, 11.5, 6], "texture": "#0"},
				"east": {"uv": [7, 5.5, 10.5, 6], "texture": "#0"},
				"south": {"uv": [11, 6, 11.5, 6.5], "texture": "#0"},
				"west": {"uv": [7, 6, 10.5, 6.5], "texture": "#0"},
				"up": {"uv": [4.5, 10.5, 4, 7], "texture": "#0"},
				"down": {"uv": [5, 7, 4.5, 10.5], "texture": "#0"}
			}
		},
		{
			"from": [7, 30, -2],
			"to": [8, 31, 5],
			"rotation": {"angle": 0, "axis": "x", "origin": [7.5, 23.25, 3.25]},
			"faces": {
				"north": {"uv": [11, 6.5, 11.5, 7], "texture": "#0"},
				"east": {"uv": [7, 6.5, 10.5, 7], "texture": "#0"},
				"south": {"uv": [11, 7, 11.5, 7.5], "texture": "#0"},
				"west": {"uv": [7, 7, 10.5, 7.5], "texture": "#0"},
				"up": {"uv": [5.5, 10.5, 5, 7], "texture": "#0"},
				"down": {"uv": [6, 7, 5.5, 10.5], "texture": "#0"}
			}
		},
		{
			"from": [7, 26, 11],
			"to": [8, 29, 15],
			"rotation": {"angle": 0, "axis": "x", "origin": [7.5, 23.25, 3.25]},
			"faces": {
				"north": {"uv": [2, 10.5, 2.5, 12], "texture": "#0"},
				"east": {"uv": [5.5, 3, 7.5, 4.5], "texture": "#0"},
				"south": {"uv": [2.5, 10.5, 3, 12], "texture": "#0"},
				"west": {"uv": [4, 5.5, 6, 7], "texture": "#0"},
				"up": {"uv": [10, 9.5, 9.5, 7.5], "texture": "#0"},
				"down": {"uv": [9.5, 9.5, 9, 11.5], "texture": "#0"}
			}
		},
		{
			"from": [7, 25, 12],
			"to": [8, 26, 17],
			"rotation": {"angle": 0, "axis": "x", "origin": [7.5, 23.25, 3.25]},
			"faces": {
				"north": {"uv": [11, 7.5, 11.5, 8], "texture": "#0"},
				"east": {"uv": [7.5, 1.5, 10, 2], "texture": "#0"},
				"south": {"uv": [11, 8, 11.5, 8.5], "texture": "#0"},
				"west": {"uv": [7.5, 2, 10, 2.5], "texture": "#0"},
				"up": {"uv": [7.5, 10, 7, 7.5], "texture": "#0"},
				"down": {"uv": [8, 7.5, 7.5, 10], "texture": "#0"}
			}
		},
		{
			"from": [7, 26, 15],
			"to": [8, 27, 16],
			"rotation": {"angle": 0, "axis": "x", "origin": [7.5, 23.25, 3.25]},
			"faces": {
				"north": {"uv": [11, 8.5, 11.5, 9], "texture": "#0"},
				"east": {"uv": [11, 9, 11.5, 9.5], "texture": "#0"},
				"south": {"uv": [9.5, 11, 10, 11.5], "texture": "#0"},
				"west": {"uv": [11, 9.5, 11.5, 10], "texture": "#0"},
				"up": {"uv": [10.5, 11.5, 10, 11], "texture": "#0"},
				"down": {"uv": [11.5, 10, 11, 10.5], "texture": "#0"}
			}
		}
	],
	"display": {
		"thirdperson_righthand": {
			"rotation": [1, 66, 67],
			"translation": [-2.5, -4.5, -35]
		},
		"gui": {
			"rotation": [47, 129, -26],
			"translation": [2.75, -3.25, 0],
			"scale": [0.5, 0.5, 0.5]
		},
		"head": {
			"rotation": [41, 103, -34],
			"translation": [0, -59.75, 4.25]
		}
	},
	"groups": [
		{
			"name": "group",
			"origin": [8, 8, 8],
			"color": 0,
			"children": [0, 1, 2, 3, 4, 5, 6, 7, 8, 9, 10, 11, 12, 13, 14, 15, 16]
		}
	]
}