{
	"format_version": "1.21.6",
	"credit": "Made with Blockbench",
	"texture_size": [64, 64],
	"textures": {
		"0": "item/spider_web",
		"particle": "item/spider_web"
	},
	"elements": [
		{
			"from": [-6, 0, 9],
			"to": [-5, 0, 32],
			"rotation": {"angle": 0, "axis": "y", "origin": [1.5, 0, 8.5]},
			"faces": {
				"north": {"uv": [0, 0, 0.25, 0], "texture": "#0"},
				"east": {"uv": [0, 0, 5.75, 0], "texture": "#0"},
				"south": {"uv": [0, 0, 0.25, 0], "texture": "#0"},
				"west": {"uv": [0, 0, 5.75, 0], "texture": "#0"},
				"up": {"uv": [2.75, 7.25, 2.5, 1.5], "texture": "#0"},
				"down": {"uv": [0.25, 2.75, 0, 8.5], "texture": "#0"}
			}
		},
		{
			"from": [-3, 0, 14],
			"to": [1, 0, 15],
			"rotation": {"angle": 0, "axis": "y", "origin": [1.5, 0, 8.5]},
			"faces": {
				"north": {"uv": [0, 0, 1, 0], "texture": "#0"},
				"east": {"uv": [0, 0, 0.25, 0], "texture": "#0"},
				"south": {"uv": [0, 0, 1, 0], "texture": "#0"},
				"west": {"uv": [0, 0, 0.25, 0], "texture": "#0"},
				"up": {"uv": [7.75, 5.5, 6.75, 5.25], "texture": "#0"},
				"down": {"uv": [7.5, 6.75, 6.5, 7], "texture": "#0"}
			}
		},
		{
			"from": [-1, 0, 20],
			"to": [7, 0, 21],
			"rotation": {"angle": 0, "axis": "y", "origin": [2.5, 0, 14.5]},
			"faces": {
				"north": {"uv": [0, 0, 2, 0], "texture": "#0"},
				"east": {"uv": [0, 0, 0.25, 0], "texture": "#0"},
				"south": {"uv": [0, 0, 2, 0], "texture": "#0"},
				"west": {"uv": [0, 0, 0.25, 0], "texture": "#0"},
				"up": {"uv": [6, 3.75, 4, 3.5], "texture": "#0"},
				"down": {"uv": [5.75, 4, 3.75, 4.25], "texture": "#0"}
			}
		},
		{
			"from": [0, 0, 25],
			"to": [12, 0, 26],
			"rotation": {"angle": 0, "axis": "y", "origin": [3.5, 0, 19.5]},
			"faces": {
				"north": {"uv": [0, 0, 3, 0], "texture": "#0"},
				"east": {"uv": [0, 0, 0.25, 0], "texture": "#0"},
				"south": {"uv": [0, 0, 3, 0], "texture": "#0"},
				"west": {"uv": [0, 0, 0.25, 0], "texture": "#0"},
				"up": {"uv": [5.75, 4, 2.75, 3.75], "texture": "#0"},
				"down": {"uv": [7, 1.5, 4, 1.75], "texture": "#0"}
			}
		},
		{
			"from": [12, 0, 16],
			"to": [13, 0, 26],
			"rotation": {"angle": 0, "axis": "y", "origin": [6.5, 0, 22.5]},
			"faces": {
				"north": {"uv": [0, 0, 0.25, 0], "texture": "#0"},
				"east": {"uv": [0, 0, 2.5, 0], "texture": "#0"},
				"south": {"uv": [0, 0, 0.25, 0], "texture": "#0"},
				"west": {"uv": [0, 0, 2.5, 0], "texture": "#0"},
				"up": {"uv": [1.5, 6, 1.25, 3.5], "texture": "#0"},
				"down": {"uv": [1.75, 3.5, 1.5, 6], "texture": "#0"}
			}
		},
		{
			"from": [12, 0, -9],
			"to": [13, 0, 1],
			"rotation": {"angle": 0, "axis": "y", "origin": [6.5, 0, -2.5]},
			"faces": {
				"north": {"uv": [0, 0, 0.25, 0], "texture": "#0"},
				"east": {"uv": [0, 0, 2.5, 0], "texture": "#0"},
				"south": {"uv": [0, 0, 0.25, 0], "texture": "#0"},
				"west": {"uv": [0, 0, 2.5, 0], "texture": "#0"},
				"up": {"uv": [2, 6, 1.75, 3.5], "texture": "#0"},
				"down": {"uv": [3, 4, 2.75, 6.5], "texture": "#0"}
			}
		},
		{
			"from": [19, 0, 2.75],
			"to": [20, 0, 13.75],
			"rotation": {"angle": 45, "axis": "y", "origin": [13.5, 0, 10.5]},
			"faces": {
				"north": {"uv": [0, 0, 0.25, 0], "texture": "#0"},
				"east": {"uv": [0, 0, 2.75, 0], "texture": "#0"},
				"south": {"uv": [0, 0, 0.25, 0], "texture": "#0"},
				"west": {"uv": [0, 0, 2.75, 0], "texture": "#0"},
				"up": {"uv": [2.25, 5.5, 2, 2.75], "texture": "#0"},
				"down": {"uv": [2.5, 2.75, 2.25, 5.5], "texture": "#0"}
			}
		},
		{
			"from": [6, 0, 13],
			"to": [7, 0, 21],
			"rotation": {"angle": 0, "axis": "y", "origin": [0.5, 0, 17.5]},
			"faces": {
				"north": {"uv": [0, 0, 0.25, 0], "texture": "#0"},
				"east": {"uv": [0, 0, 2, 0], "texture": "#0"},
				"south": {"uv": [0, 0, 0.25, 0], "texture": "#0"},
				"west": {"uv": [0, 0, 2, 0], "texture": "#0"},
				"up": {"uv": [4, 6.25, 3.75, 4.25], "texture": "#0"},
				"down": {"uv": [4.25, 4.25, 4, 6.25], "texture": "#0"}
			}
		},
		{
			"from": [6, 0, -4],
			"to": [7, 0, 4],
			"rotation": {"angle": 0, "axis": "y", "origin": [0.5, 0, 0.5]},
			"faces": {
				"north": {"uv": [0, 0, 0.25, 0], "texture": "#0"},
				"east": {"uv": [0, 0, 2, 0], "texture": "#0"},
				"south": {"uv": [0, 0, 0.25, 0], "texture": "#0"},
				"west": {"uv": [0, 0, 2, 0], "texture": "#0"},
				"up": {"uv": [4.5, 6.25, 4.25, 4.25], "texture": "#0"},
				"down": {"uv": [4.75, 4.25, 4.5, 6.25], "texture": "#0"}
			}
		},
		{
			"from": [10.75, 0, 7],
			"to": [11.75, 0, 14],
			"rotation": {"angle": 45, "axis": "y", "origin": [4.5, 0, 11.5]},
			"faces": {
				"north": {"uv": [0, 0, 0.25, 0], "texture": "#0"},
				"east": {"uv": [0, 0, 1.75, 0], "texture": "#0"},
				"south": {"uv": [0, 0, 0.25, 0], "texture": "#0"},
				"west": {"uv": [0, 0, 1.75, 0], "texture": "#0"},
				"up": {"uv": [3.25, 6.5, 3, 4.75], "texture": "#0"},
				"down": {"uv": [3.5, 4.75, 3.25, 6.5], "texture": "#0"}
			}
		},
		{
			"from": [1, 0, 11],
			"to": [2, 0, 15],
			"rotation": {"angle": 0, "axis": "y", "origin": [-4.5, 0, 11.5]},
			"faces": {
				"north": {"uv": [0, 0, 0.25, 0], "texture": "#0"},
				"east": {"uv": [0, 0, 1, 0], "texture": "#0"},
				"south": {"uv": [0, 0, 0.25, 0], "texture": "#0"},
				"west": {"uv": [0, 0, 1, 0], "texture": "#0"},
				"up": {"uv": [2.25, 6.5, 2, 5.5], "texture": "#0"},
				"down": {"uv": [2.5, 5.5, 2.25, 6.5], "texture": "#0"}
			}
		},
		{
			"from": [1, 0, 2],
			"to": [2, 0, 6],
			"rotation": {"angle": 0, "axis": "y", "origin": [-4.5, 0, 2.5]},
			"faces": {
				"north": {"uv": [0, 0, 0.25, 0], "texture": "#0"},
				"east": {"uv": [0, 0, 1, 0], "texture": "#0"},
				"south": {"uv": [0, 0, 0.25, 0], "texture": "#0"},
				"west": {"uv": [0, 0, 1, 0], "texture": "#0"},
				"up": {"uv": [2.25, 7.5, 2, 6.5], "texture": "#0"},
				"down": {"uv": [2.5, 6.5, 2.25, 7.5], "texture": "#0"}
			}
		},
		{
			"from": [3, 0, 10],
			"to": [4, 0, 14],
			"rotation": {"angle": 45, "axis": "y", "origin": [-2.5, 0, 10.5]},
			"faces": {
				"north": {"uv": [0, 0, 0.25, 0], "texture": "#0"},
				"east": {"uv": [0, 0, 1, 0], "texture": "#0"},
				"south": {"uv": [0, 0, 0.25, 0], "texture": "#0"},
				"west": {"uv": [0, 0, 1, 0], "texture": "#0"},
				"up": {"uv": [1, 8, 0.75, 7], "texture": "#0"},
				"down": {"uv": [1.25, 7, 1, 8], "texture": "#0"}
			}
		},
		{
			"from": [5, 0, 4],
			"to": [6, 0, 8],
			"rotation": {"angle": -45, "axis": "y", "origin": [-0.5, 0, 4.5]},
			"faces": {
				"north": {"uv": [0, 0, 0.25, 0], "texture": "#0"},
				"east": {"uv": [0, 0, 1, 0], "texture": "#0"},
				"south": {"uv": [0, 0, 0.25, 0], "texture": "#0"},
				"west": {"uv": [0, 0, 1, 0], "texture": "#0"},
				"up": {"uv": [1.5, 8, 1.25, 7], "texture": "#0"},
				"down": {"uv": [1.75, 7, 1.5, 8], "texture": "#0"}
			}
		},
		{
			"from": [10, 0, 3],
			"to": [11, 0, 10],
			"rotation": {"angle": -45, "axis": "y", "origin": [4.5, 0, 6.5]},
			"faces": {
				"north": {"uv": [0, 0, 0.25, 0], "texture": "#0"},
				"east": {"uv": [0, 0, 1.75, 0], "texture": "#0"},
				"south": {"uv": [0, 0, 0.25, 0], "texture": "#0"},
				"west": {"uv": [0, 0, 1.75, 0], "texture": "#0"},
				"up": {"uv": [3.75, 6.5, 3.5, 4.75], "texture": "#0"},
				"down": {"uv": [5, 4.5, 4.75, 6.25], "texture": "#0"}
			}
		},
		{
			"from": [16, 0, 2],
			"to": [17, 0, 13],
			"rotation": {"angle": -45, "axis": "y", "origin": [10.5, 0, 9.5]},
			"faces": {
				"north": {"uv": [0, 0, 0.25, 0], "texture": "#0"},
				"east": {"uv": [0, 0, 2.75, 0], "texture": "#0"},
				"south": {"uv": [0, 0, 0.25, 0], "texture": "#0"},
				"west": {"uv": [0, 0, 2.75, 0], "texture": "#0"},
				"up": {"uv": [1, 6.25, 0.75, 3.5], "texture": "#0"},
				"down": {"uv": [1.25, 3.5, 1, 6.25], "texture": "#0"}
			}
		},
		{
			"from": [0, 0, -9],
			"to": [12, 0, -8],
			"rotation": {"angle": 0, "axis": "y", "origin": [3.5, 0, -14.5]},
			"faces": {
				"north": {"uv": [0, 0, 3, 0], "texture": "#0"},
				"east": {"uv": [0, 0, 0.25, 0], "texture": "#0"},
				"south": {"uv": [0, 0, 3, 0], "texture": "#0"},
				"west": {"uv": [0, 0, 0.25, 0], "texture": "#0"},
				"up": {"uv": [7, 2, 4, 1.75], "texture": "#0"},
				"down": {"uv": [7, 2, 4, 2.25], "texture": "#0"}
			}
		},
		{
			"from": [-1, 0, -4],
			"to": [7, 0, -3],
			"rotation": {"angle": 0, "axis": "y", "origin": [2.5, 0, -9.5]},
			"faces": {
				"north": {"uv": [0, 0, 2, 0], "texture": "#0"},
				"east": {"uv": [0, 0, 0.25, 0], "texture": "#0"},
				"south": {"uv": [0, 0, 2, 0], "texture": "#0"},
				"west": {"uv": [0, 0, 0.25, 0], "texture": "#0"},
				"up": {"uv": [6.75, 3, 4.75, 2.75], "texture": "#0"},
				"down": {"uv": [6.75, 3, 4.75, 3.25], "texture": "#0"}
			}
		},
		{
			"from": [-3, 0, 2],
			"to": [1, 0, 3],
			"rotation": {"angle": 0, "axis": "y", "origin": [1.5, 0, -3.5]},
			"faces": {
				"north": {"uv": [0, 0, 1, 0], "texture": "#0"},
				"east": {"uv": [0, 0, 0.25, 0], "texture": "#0"},
				"south": {"uv": [0, 0, 1, 0], "texture": "#0"},
				"west": {"uv": [0, 0, 0.25, 0], "texture": "#0"},
				"up": {"uv": [8, 1.75, 7, 1.5], "texture": "#0"},
				"down": {"uv": [8, 1.75, 7, 2], "texture": "#0"}
			}
		},
		{
			"from": [-13, 0, 16],
			"to": [-9, 0, 17],
			"rotation": {"angle": 45, "axis": "y", "origin": [-8.5, 0, 7.5]},
			"faces": {
				"north": {"uv": [0, 0, 1, 0], "texture": "#0"},
				"east": {"uv": [0, 0, 0.25, 0], "texture": "#0"},
				"south": {"uv": [0, 0, 1, 0], "texture": "#0"},
				"west": {"uv": [0, 0, 0.25, 0], "texture": "#0"},
				"up": {"uv": [8, 2.25, 7, 2], "texture": "#0"},
				"down": {"uv": [3.75, 7, 2.75, 7.25], "texture": "#0"}
			}
		},
		{
			"from": [-0.5, 0, 5],
			"to": [3.5, 0, 6],
			"rotation": {"angle": -45, "axis": "y", "origin": [3.5, 0, -3.5]},
			"faces": {
				"north": {"uv": [0, 0, 1, 0], "texture": "#0"},
				"east": {"uv": [0, 0, 0.25, 0], "texture": "#0"},
				"south": {"uv": [0, 0, 1, 0], "texture": "#0"},
				"west": {"uv": [0, 0, 0.25, 0], "texture": "#0"},
				"up": {"uv": [4.75, 7.25, 3.75, 7], "texture": "#0"},
				"down": {"uv": [5.75, 7, 4.75, 7.25], "texture": "#0"}
			}
		},
		{
			"from": [-13, 0, 24],
			"to": [-6, 0, 25],
			"rotation": {"angle": 45, "axis": "y", "origin": [-8.5, 0, 15.5]},
			"faces": {
				"north": {"uv": [0, 0, 1.75, 0], "texture": "#0"},
				"east": {"uv": [0, 0, 0.25, 0], "texture": "#0"},
				"south": {"uv": [0, 0, 1.75, 0], "texture": "#0"},
				"west": {"uv": [0, 0, 0.25, 0], "texture": "#0"},
				"up": {"uv": [6.75, 4.75, 5, 4.5], "texture": "#0"},
				"down": {"uv": [6.75, 4.75, 5, 5], "texture": "#0"}
			}
		},
		{
			"from": [-0.5, 0, -2.55],
			"to": [6.5, 0, -1.55],
			"rotation": {"angle": -45, "axis": "y", "origin": [4.5, 0, -11.5]},
			"faces": {
				"north": {"uv": [0, 0, 1.75, 0], "texture": "#0"},
				"east": {"uv": [0, 0, 0.25, 0], "texture": "#0"},
				"south": {"uv": [0, 0, 1.75, 0], "texture": "#0"},
				"west": {"uv": [0, 0, 0.25, 0], "texture": "#0"},
				"up": {"uv": [6.75, 5.25, 5, 5], "texture": "#0"},
				"down": {"uv": [6.75, 5.25, 5, 5.5], "texture": "#0"}
			}
		},
		{
			"from": [-13, 0, 30],
			"to": [-5, 0, 31],
			"rotation": {"angle": 45, "axis": "y", "origin": [-8.5, 0, 21.5]},
			"faces": {
				"north": {"uv": [0, 0, 2, 0], "texture": "#0"},
				"east": {"uv": [0, 0, 0.25, 0], "texture": "#0"},
				"south": {"uv": [0, 0, 2, 0], "texture": "#0"},
				"west": {"uv": [0, 0, 0.25, 0], "texture": "#0"},
				"up": {"uv": [6.75, 3.5, 4.75, 3.25], "texture": "#0"},
				"down": {"uv": [6.75, 4.25, 4.75, 4.5], "texture": "#0"}
			}
		},
		{
			"from": [-2, 0, -9],
			"to": [7, 0, -8],
			"rotation": {"angle": -45, "axis": "y", "origin": [3.5, 0, -16]},
			"faces": {
				"north": {"uv": [0, 0, 2.25, 0], "texture": "#0"},
				"east": {"uv": [0, 0, 0.25, 0], "texture": "#0"},
				"south": {"uv": [0, 0, 2.25, 0], "texture": "#0"},
				"west": {"uv": [0, 0, 0.25, 0], "texture": "#0"},
				"up": {"uv": [6.25, 2.5, 4, 2.25], "texture": "#0"},
				"down": {"uv": [6.25, 2.5, 4, 2.75], "texture": "#0"}
			}
		},
		{
			"from": [-6, 0, -15],
			"to": [-5, 0, 8],
			"rotation": {"angle": 0, "axis": "y", "origin": [1.5, 0, 8.5]},
			"faces": {
				"north": {"uv": [0, 0, 0.25, 0], "texture": "#0"},
				"east": {"uv": [0, 0, 5.75, 0], "texture": "#0"},
				"south": {"uv": [0, 0, 0.25, 0], "texture": "#0"},
				"west": {"uv": [0, 0, 5.75, 0], "texture": "#0"},
				"up": {"uv": [0.5, 8.5, 0.25, 2.75], "texture": "#0"},
				"down": {"uv": [0.75, 2.75, 0.5, 8.5], "texture": "#0"}
			}
		},
		{
			"from": [-6, 0, 8],
			"to": [23, 0, 9],
			"rotation": {"angle": 0, "axis": "y", "origin": [1.5, 0, 8.5]},
			"faces": {
				"north": {"uv": [0, 0, 7.25, 0], "texture": "#0"},
				"east": {"uv": [0, 0, 0.25, 0], "texture": "#0"},
				"south": {"uv": [0, 0, 7.25, 0], "texture": "#0"},
				"west": {"uv": [0, 0, 0.25, 0], "texture": "#0"},
				"up": {"uv": [7.25, 0.25, 0, 0], "texture": "#0"},
				"down": {"uv": [7.25, 0.25, 0, 0.5], "texture": "#0"}
			}
		},
		{
			"from": [-3.74264, 0, 3.40812],
			"to": [23.25736, 0, 4.40812],
			"rotation": {"angle": 45, "axis": "y", "origin": [1.5, 0, 8.5]},
			"faces": {
				"north": {"uv": [0, 0, 6.75, 0], "texture": "#0"},
				"east": {"uv": [0, 0, 0.25, 0], "texture": "#0"},
				"south": {"uv": [0, 0, 6.75, 0], "texture": "#0"},
				"west": {"uv": [0, 0, 0.25, 0], "texture": "#0"},
				"up": {"uv": [6.75, 0.75, 0, 0.5], "texture": "#0"},
				"down": {"uv": [6.75, 0.75, 0, 1], "texture": "#0"}
			}
		},
		{
			"from": [-3.86396, 0, 12.60051],
			"to": [23.13604, 0, 13.60051],
			"rotation": {"angle": -45, "axis": "y", "origin": [1.5, 0, 8.5]},
			"faces": {
				"north": {"uv": [0, 0, 6.75, 0], "texture": "#0"},
				"east": {"uv": [0, 0, 0.25, 0], "texture": "#0"},
				"south": {"uv": [0, 0, 6.75, 0], "texture": "#0"},
				"west": {"uv": [0, 0, 0.25, 0], "texture": "#0"},
				"up": {"uv": [6.75, 1.25, 0, 1], "texture": "#0"},
				"down": {"uv": [6.75, 1.25, 0, 1.5], "texture": "#0"}
			}
		},
		{
			"from": [0, 0.1, 0],
			"to": [5, 3.1, 5],
			"rotation": {"angle": 0, "axis": "y", "origin": [3, 0, 0]},
			"faces": {
				"north": {"uv": [0.75, 2.75, 2, 3.5], "texture": "#0"},
				"east": {"uv": [2.75, 1.5, 4, 2.25], "texture": "#0"},
				"south": {"uv": [2.75, 2.25, 4, 3], "texture": "#0"},
				"west": {"uv": [2.75, 3, 4, 3.75], "texture": "#0"},
				"up": {"uv": [1.25, 2.75, 0, 1.5], "texture": "#0"},
				"down": {"uv": [2.5, 1.5, 1.25, 2.75], "texture": "#0"}
			}
		},
		{
			"from": [0, 0.1, -1],
			"to": [5, 1.1, 0],
			"rotation": {"angle": 45, "axis": "y", "origin": [3, 0, -5]},
			"faces": {
				"north": {"uv": [6, 3.5, 7.25, 3.75], "texture": "#0"},
				"east": {"uv": [0.75, 6.25, 1, 6.5], "texture": "#0"},
				"south": {"uv": [5, 6, 6.25, 6.25], "texture": "#0"},
				"west": {"uv": [1, 6.25, 1.25, 6.5], "texture": "#0"},
				"up": {"uv": [7.5, 2.5, 6.25, 2.25], "texture": "#0"},
				"down": {"uv": [7.5, 2.5, 6.25, 2.75], "texture": "#0"}
			}
		},
		{
			"from": [-7, 0.1, 6],
			"to": [-2, 1.1, 7],
			"rotation": {"angle": 45, "axis": "y", "origin": [-4, 0, 2]},
			"faces": {
				"north": {"uv": [3.75, 6.25, 5, 6.5], "texture": "#0"},
				"east": {"uv": [1.75, 7, 2, 7.25], "texture": "#0"},
				"south": {"uv": [5, 6.25, 6.25, 6.5], "texture": "#0"},
				"west": {"uv": [5.75, 7, 6, 7.25], "texture": "#0"},
				"up": {"uv": [7.5, 6.25, 6.25, 6], "texture": "#0"},
				"down": {"uv": [7.5, 6.25, 6.25, 6.5], "texture": "#0"}
			}
		},
		{
			"from": [3, 0.1, 0],
			"to": [8, 1.1, 1],
			"rotation": {"angle": 22.5, "axis": "y", "origin": [6, 0, -4]},
			"faces": {
				"north": {"uv": [0.75, 6.5, 2, 6.75], "texture": "#0"},
				"east": {"uv": [6, 7, 6.25, 7.25], "texture": "#0"},
				"south": {"uv": [2.75, 6.5, 4, 6.75], "texture": "#0"},
				"west": {"uv": [6.25, 7, 6.5, 7.25], "texture": "#0"},
				"up": {"uv": [7.75, 4, 6.5, 3.75], "texture": "#0"},
				"down": {"uv": [5.25, 6.5, 4, 6.75], "texture": "#0"}
			}
		},
		{
			"from": [-6, 0.1, 4],
			"to": [-1, 1.1, 5],
			"rotation": {"angle": 22.5, "axis": "y", "origin": [-3, 0, 0]},
			"faces": {
				"north": {"uv": [6.5, 4, 7.75, 4.25], "texture": "#0"},
				"east": {"uv": [6.5, 7, 6.75, 7.25], "texture": "#0"},
				"south": {"uv": [5.25, 6.5, 6.5, 6.75], "texture": "#0"},
				"west": {"uv": [6.75, 7, 7, 7.25], "texture": "#0"},
				"up": {"uv": [7.75, 5.75, 6.5, 5.5], "texture": "#0"},
				"down": {"uv": [7.75, 5.75, 6.5, 6], "texture": "#0"}
			}
		},
		{
			"from": [-3, 0.1, 1],
			"to": [2, 1.1, 2],
			"rotation": {"angle": -22.5, "axis": "y", "origin": [0, 0, -3]},
			"faces": {
				"north": {"uv": [6.5, 6.5, 7.75, 6.75], "texture": "#0"},
				"east": {"uv": [7, 7, 7.25, 7.25], "texture": "#0"},
				"south": {"uv": [6.75, 0.5, 8, 0.75], "texture": "#0"},
				"west": {"uv": [7.25, 0, 7.5, 0.25], "texture": "#0"},
				"up": {"uv": [2, 7, 0.75, 6.75], "texture": "#0"},
				"down": {"uv": [8, 0.75, 6.75, 1], "texture": "#0"}
			}
		},
		{
			"from": [6, 0.1, 4],
			"to": [11, 1.1, 5],
			"rotation": {"angle": -22.5, "axis": "y", "origin": [9, 0, 0]},
			"faces": {
				"north": {"uv": [6.75, 1, 8, 1.25], "texture": "#0"},
				"east": {"uv": [7.25, 0.25, 7.5, 0.5], "texture": "#0"},
				"south": {"uv": [6.75, 1.25, 8, 1.5], "texture": "#0"},
				"west": {"uv": [1.75, 7.25, 2, 7.5], "texture": "#0"},
				"up": {"uv": [4, 7, 2.75, 6.75], "texture": "#0"},
				"down": {"uv": [8, 2.75, 6.75, 3], "texture": "#0"}
			}
		},
		{
			"from": [7, 0.1, 7],
			"to": [12, 1.1, 8],
			"rotation": {"angle": -45, "axis": "y", "origin": [10, 0, 3]},
			"faces": {
				"north": {"uv": [6.75, 3, 8, 3.25], "texture": "#0"},
				"east": {"uv": [2.5, 7.25, 2.75, 7.5], "texture": "#0"},
				"south": {"uv": [6.75, 3.25, 8, 3.5], "texture": "#0"},
				"west": {"uv": [2.75, 7.25, 3, 7.5], "texture": "#0"},
				"up": {"uv": [5.25, 7, 4, 6.75], "texture": "#0"},
				"down": {"uv": [8, 4.25, 6.75, 4.5], "texture": "#0"}
			}
		},
		{
			"from": [-1, 0.1, 0],
			"to": [4, 1.1, 1],
			"rotation": {"angle": -45, "axis": "y", "origin": [2, 0, -4]},
			"faces": {
				"north": {"uv": [6.75, 4.5, 8, 4.75], "texture": "#0"},
				"east": {"uv": [3, 7.25, 3.25, 7.5], "texture": "#0"},
				"south": {"uv": [6.75, 4.75, 8, 5], "texture": "#0"},
				"west": {"uv": [3.25, 7.25, 3.5, 7.5], "texture": "#0"},
				"up": {"uv": [8, 5.25, 6.75, 5], "texture": "#0"},
				"down": {"uv": [6.5, 6.75, 5.25, 7], "texture": "#0"}
			}
		},
		{
			"from": [1, 0.1, 5],
			"to": [4, 2.1, 8],
			"rotation": {"angle": 0, "axis": "y", "origin": [3, 0, 5]},
			"faces": {
				"north": {"uv": [5, 5.5, 5.75, 6], "texture": "#0"},
				"east": {"uv": [5.75, 3.75, 6.5, 4.25], "texture": "#0"},
				"south": {"uv": [5.75, 5.5, 6.5, 6], "texture": "#0"},
				"west": {"uv": [1.25, 6, 2, 6.5], "texture": "#0"},
				"up": {"uv": [4.75, 3.5, 4, 2.75], "texture": "#0"},
				"down": {"uv": [3.75, 4, 3, 4.75], "texture": "#0"}
			}
		}
	],
	"display": {
		"thirdperson_righthand": {
			"rotation": [0, 0, -90],
			"translation": [-3.5, -9.25, 5.75],
			"scale": [0.25, 0.25, 0.25]
		},
		"gui": {
			"rotation": [21, -29, 0],
			"translation": [2.5, 1.75, 0],
			"scale": [0.5, 0.5, 0.5]
		},
		"head": {
			"rotation": [-90, 0, -90],
			"translation": [4.5, -61.25, 10],
			"scale": [0.5, 0.5, 0.5]
		}
	},
	"groups": [
		{
			"name": "toile",
			"origin": [8, 8, 8],
			"color": 0,
			"children": [0, 1, 2, 3, 4, 5, 6, 7, 8, 9, 10, 11, 12, 13, 14, 15, 16, 17, 18, 19, 20, 21, 22, 23, 24, 25, 26, 27, 28]
		},
		{
			"name": "araignée",
			"origin": [0, 3, 0],
			"color": 0,
			"children": [29, 30, 31, 32, 33, 34, 35, 36, 37, 38]
		}
	]
}