{
	"format_version": "1.21.6",
	"credit": "Made with Blockbench",
	"texture_size": [32, 32],
	"textures": {
		"0": "item/vote_bag"
	},
	"elements": [
		{
			"from": [-3, 7, 9.5],
			"to": [7, 9, 15.5],
			"rotation": {"angle": 0, "axis": "y", "origin": [8, 0, 8]},
			"faces": {
				"north": {"uv": [3, 9, 8, 10], "texture": "#0"},
				"east": {"uv": [0, 9, 3, 10], "texture": "#0"},
				"south": {"uv": [11, 9, 16, 10], "texture": "#0"},
				"west": {"uv": [8, 9, 11, 10], "texture": "#0"},
				"up": {"uv": [8, 9, 3, 6], "texture": "#0"},
				"down": {"uv": [13, 6, 8, 9], "texture": "#0"}
			}
		},
		{
			"from": [-2.5, 0, 10],
			"to": [6.5, 7, 15],
			"rotation": {"angle": 0, "axis": "y", "origin": [-2, 0, 11]},
			"faces": {
				"north": {"uv": [2.5, 2.5, 7, 6], "texture": "#0"},
				"east": {"uv": [0, 2.5, 2.5, 6], "texture": "#0"},
				"south": {"uv": [9.5, 2.5, 14, 6], "texture": "#0"},
				"west": {"uv": [7, 2.5, 9.5, 6], "texture": "#0"},
				"up": {"uv": [7, 2.5, 2.5, 0], "texture": "#0"},
				"down": {"uv": [11.5, 0, 7, 2.5], "texture": "#0"}
			}
		},
		{
			"from": [-1, 9, 13],
			"to": [5, 14, 14],
			"rotation": {"angle": -22.5, "axis": "x", "origin": [0, 9, 14]},
			"faces": {
				"north": {"uv": [-0.5, 10.5, 2.5, 13], "texture": "#0"},
				"east": {"uv": [-1, 10.5, -0.5, 13], "texture": "#0"},
				"south": {"uv": [3, 10.5, 6, 13], "texture": "#0"},
				"west": {"uv": [2.5, 10.5, 3, 13], "texture": "#0"},
				"up": {"uv": [2.5, 10.5, -0.5, 10], "texture": "#0"},
				"down": {"uv": [5.5, 10, 2.5, 10.5], "texture": "#0"}
			}
		}
	],
	"display": {
		"gui": {
			"rotation": [29, -31, 0],
			"translation": [7, 1.75, 0]
		},
		"head": {
			"translation": [10.5, -44.75, -0.25],
			"scale": [1.75, 1.75, 1.75]
		}
	},
	"groups": [
		{
			"name": "vote_bag",
			"origin": [2, 7.47567, 12.37314],
			"color": 0,
			"children": [0, 1, 2]
		}
	]
}