{"parent":"item/generated","textures":{"layer0":"item/blaze_rod"},"overrides":[{"predicate":{"custom_model_data":1000},"model":"blockbench/gobelin1/gobelin1-body"},{"predicate":{"custom_model_data":1001},"model":"blockbench/gobelin1/gobelin1-head"},{"predicate":{"custom_model_data":1002},"model":"blockbench/gobelin1/gobelin1-left_feet"},{"predicate":{"custom_model_data":1003},"model":"blockbench/gobelin1/gobelin1-right_feet"},{"predicate":{"custom_model_data":1004},"model":"blockbench/gobelin1/gobelin1-left_arm"},{"predicate":{"custom_model_data":1005},"model":"blockbench/gobelin1/gobelin1-right_arm"},{"predicate":{"custom_model_data":1006},"model":"blockbench/goruk_pyro/goruk_pyro-body"},{"predicate":{"custom_model_data":1007},"model":"blockbench/goruk_pyro/goruk_pyro-head"},{"predicate":{"custom_model_data":1008},"model":"blockbench/goruk_pyro/goruk_pyro-left_leg"},{"predicate":{"custom_model_data":1009},"model":"blockbench/goruk_pyro/goruk_pyro-right_leg"},{"predicate":{"custom_model_data":1010},"model":"blockbench/goruk_pyro/goruk_pyro-left_arm"},{"predicate":{"custom_model_data":1011},"model":"blockbench/goruk_pyro/goruk_pyro-right_arm"},{"predicate":{"custom_model_data":1012},"model":"blockbench/gobelin_shadow/gobelin_shadow-body"},{"predicate":{"custom_model_data":1013},"model":"blockbench/gobelin_shadow/gobelin_shadow-head"},{"predicate":{"custom_model_data":1014},"model":"blockbench/gobelin_shadow/gobelin_shadow-left_feet"},{"predicate":{"custom_model_data":1015},"model":"blockbench/gobelin_shadow/gobelin_shadow-right_feet"},{"predicate":{"custom_model_data":1016},"model":"blockbench/gobelin_shadow/gobelin_shadow-left_arm"},{"predicate":{"custom_model_data":1017},"model":"blockbench/gobelin_shadow/gobelin_shadow-right_arm"}]}